-- MySQL dump 10.13  Distrib 8.0.36, for Linux (x86_64)
--
-- Host: localhost    Database: quizko
-- ------------------------------------------------------
-- Server version	8.0.36-0ubuntu0.22.04.1

/*!40101 SET @OLD_CHARACTER_SET_CLIENT=@@CHARACTER_SET_CLIENT */;
/*!40101 SET @OLD_CHARACTER_SET_RESULTS=@@CHARACTER_SET_RESULTS */;
/*!40101 SET @OLD_COLLATION_CONNECTION=@@COLLATION_CONNECTION */;
/*!50503 SET NAMES utf8mb4 */;
/*!40103 SET @OLD_TIME_ZONE=@@TIME_ZONE */;
/*!40103 SET TIME_ZONE='+00:00' */;
/*!40014 SET @OLD_UNIQUE_CHECKS=@@UNIQUE_CHECKS, UNIQUE_CHECKS=0 */;
/*!40014 SET @OLD_FOREIGN_KEY_CHECKS=@@FOREIGN_KEY_CHECKS, FOREIGN_KEY_CHECKS=0 */;
/*!40101 SET @OLD_SQL_MODE=@@SQL_MODE, SQL_MODE='NO_AUTO_VALUE_ON_ZERO' */;
/*!40111 SET @OLD_SQL_NOTES=@@SQL_NOTES, SQL_NOTES=0 */;

--
-- Table structure for table `answers`
--

DROP TABLE IF EXISTS `answers`;
/*!40101 SET @saved_cs_client     = @@character_set_client */;
/*!50503 SET character_set_client = utf8mb4 */;
CREATE TABLE `answers` (
  `id` bigint unsigned NOT NULL AUTO_INCREMENT,
  `answer` text CHARACTER SET utf8mb4 COLLATE utf8mb4_unicode_ci NOT NULL,
  `is_correct` tinyint(1) NOT NULL,
  `question_id` bigint unsigned NOT NULL,
  `created_at` timestamp NULL DEFAULT NULL,
  `updated_at` timestamp NULL DEFAULT NULL,
  PRIMARY KEY (`id`),
  KEY `answers_question_id_foreign` (`question_id`),
  CONSTRAINT `answers_question_id_foreign` FOREIGN KEY (`question_id`) REFERENCES `questions` (`id`) ON DELETE CASCADE
) ENGINE=InnoDB AUTO_INCREMENT=81 DEFAULT CHARSET=utf8mb4 COLLATE=utf8mb4_unicode_ci;
/*!40101 SET character_set_client = @saved_cs_client */;

--
-- Dumping data for table `answers`
--

LOCK TABLES `answers` WRITE;
/*!40000 ALTER TABLE `answers` DISABLE KEYS */;
INSERT INTO `answers` VALUES (1,'Android est un navigateur web',0,1,'2024-05-26 17:31:00','2024-05-26 17:31:00'),(2,'Android est une application web',0,1,'2024-05-26 17:31:00','2024-05-26 17:31:00'),(3,'Android est un serveur web',0,1,'2024-05-26 17:31:00','2024-05-26 17:31:00'),(4,'Android est un système d’exploitation',1,1,'2024-05-26 17:31:00','2024-05-26 17:31:00'),(5,'Sourceforge',0,2,'2024-05-26 17:31:58','2024-05-26 17:31:58'),(6,'Apache/MIT',1,2,'2024-05-26 17:31:58','2024-05-26 17:31:58'),(7,'OSS',0,2,'2024-05-26 17:31:58','2024-05-26 17:31:58'),(8,'Aucune des catégories ci-dessus',0,2,'2024-05-26 17:31:58','2024-05-26 17:31:58'),(9,'Serveurs',0,3,'2024-05-26 17:33:16','2024-05-26 17:33:16'),(10,'Ordinateurs de bureau',0,3,'2024-05-26 17:33:16','2024-05-26 17:33:16'),(11,'Ordinateurs portables',0,3,'2024-05-26 17:33:16','2024-05-26 17:33:16'),(12,'Appareils mobiles',1,3,'2024-05-26 17:33:16','2024-05-26 17:33:16'),(13,'HTC Hero',0,4,'2024-05-26 17:34:12','2024-05-26 17:34:12'),(14,'Nokia',0,4,'2024-05-26 17:34:12','2024-05-26 17:34:12'),(15,'T-Mobile G1',1,4,'2024-05-26 17:34:12','2024-05-26 17:34:12'),(16,'Google gPhone',0,4,'2024-05-26 17:34:12','2024-05-26 17:34:12'),(17,'Machine virtuelle Dalvik',1,5,'2024-05-26 17:35:16','2024-05-26 17:35:16'),(18,'Machine virtuelle simple',0,5,'2024-05-26 17:35:16','2024-05-26 17:35:16'),(19,'JVM',0,5,'2024-05-26 17:35:16','2024-05-26 17:35:16'),(20,'VirtualBox',0,5,'2024-05-26 17:35:16','2024-05-26 17:35:16'),(21,'C',0,6,'2024-05-26 17:36:19','2024-05-26 17:36:19'),(22,'C++',0,6,'2024-05-26 17:36:19','2024-05-26 17:36:19'),(23,'C#',0,6,'2024-05-26 17:36:19','2024-05-26 17:36:19'),(24,'Java',1,6,'2024-05-26 17:36:19','2024-05-26 17:36:19'),(25,'Android Package Kit',1,7,'2024-05-26 17:37:31','2024-05-26 17:37:31'),(26,'Android Page Kit',0,7,'2024-05-26 17:37:31','2024-05-26 17:37:31'),(27,'Android Phone Kit',0,7,'2024-05-26 17:37:31','2024-05-26 17:37:31'),(28,'Aucune de ces réponses',0,7,'2024-05-26 17:37:31','2024-05-26 17:37:31'),(29,'Application Page Interface',0,8,'2024-05-26 17:38:35','2024-05-26 17:38:35'),(30,'Android Page Interface',0,8,'2024-05-26 17:38:35','2024-05-26 17:38:35'),(31,'Application Programming Interface',1,8,'2024-05-26 17:38:35','2024-05-26 17:38:35'),(32,'Android Programming Interface',0,8,'2024-05-26 17:38:35','2024-05-26 17:38:35'),(33,'Classe android',0,9,'2024-05-26 17:40:15','2024-05-26 17:40:15'),(34,'Package android',0,9,'2024-05-26 17:40:15','2024-05-26 17:40:15'),(35,'Représente un écran dans une application Android.',1,9,'2024-05-26 17:40:15','2024-05-26 17:40:15'),(36,'Aucune de ces réponses',0,9,'2024-05-26 17:40:15','2024-05-26 17:40:15'),(37,'En utilisant la méthode finish()',0,10,'2024-05-26 17:41:18','2024-05-26 17:41:18'),(38,'En utilisant la méthode finishActivity(int requestCode)',0,10,'2024-05-26 17:41:18','2024-05-26 17:41:18'),(39,'Les deux A et B',1,10,'2024-05-26 17:41:18','2024-05-26 17:41:18'),(40,'Aucune de ces réponses',0,10,'2024-05-26 17:41:18','2024-05-26 17:41:18'),(41,'En utilisant la méthode stopSelf() et stopService()',1,11,'2024-05-26 17:43:45','2024-05-26 17:43:45'),(42,'En utilisant la méthode finish()',0,11,'2024-05-26 17:43:45','2024-05-26 17:43:45'),(43,'En utilisant la méthode system.exit()',0,11,'2024-05-26 17:43:45','2024-05-26 17:43:45'),(44,'Aucune de ces méthodes',0,11,'2024-05-26 17:43:45','2024-05-26 17:43:45'),(45,'Compilateur Dex',1,12,'2024-05-26 17:44:28','2024-05-26 17:44:28'),(46,'Le convertisseur Dalvik',0,12,'2024-05-26 17:44:28','2024-05-26 17:44:28'),(47,'Android Studio',0,12,'2024-05-26 17:44:28','2024-05-26 17:44:28'),(48,'Compilateur MIC',0,12,'2024-05-26 17:44:28','2024-05-26 17:44:28'),(49,'Android Debug Bridge',1,13,'2024-05-26 17:45:24','2024-05-26 17:45:24'),(50,'Android Delete Bridge',0,13,'2024-05-26 17:45:24','2024-05-26 17:45:24'),(51,'Android Destroy Bridge',0,13,'2024-05-26 17:45:24','2024-05-26 17:45:24'),(52,'Aucune de ces réponses',0,13,'2024-05-26 17:45:24','2024-05-26 17:45:24'),(53,'Les émulateurs tiers',0,14,'2024-05-26 17:46:34','2024-05-26 17:46:34'),(54,'Emulateur inclus dans Android SDK',0,14,'2024-05-26 17:46:34','2024-05-26 17:46:34'),(55,'Téléphone androïde physique',0,14,'2024-05-26 17:46:34','2024-05-26 17:46:34'),(56,'Toutes les réponses sont vraies',1,14,'2024-05-26 17:46:34','2024-05-26 17:46:34'),(57,'MAC',0,15,'2024-05-26 17:47:27','2024-05-26 17:47:27'),(58,'Windows',0,15,'2024-05-26 17:47:27','2024-05-26 17:47:27'),(59,'Linux',1,15,'2024-05-26 17:47:27','2024-05-26 17:47:27'),(60,'Redhat',0,15,'2024-05-26 17:47:27','2024-05-26 17:47:27'),(61,'Méthode onRestart()',0,16,'2024-05-26 17:48:07','2024-05-26 17:48:07'),(62,'Méthode onStart()',0,16,'2024-05-26 17:48:07','2024-05-26 17:48:07'),(63,'Méthode onCreate()',1,16,'2024-05-26 17:48:07','2024-05-26 17:48:07'),(64,'Méthode onClick()',0,16,'2024-05-26 17:48:07','2024-05-26 17:48:07'),(65,'Méthode onClick()',0,17,'2024-05-26 17:48:51','2024-05-26 17:48:51'),(66,'Méthode onCreate()',0,17,'2024-05-26 17:48:51','2024-05-26 17:48:51'),(67,'Méthode onStart()',0,17,'2024-05-26 17:48:51','2024-05-26 17:48:51'),(68,'Méthode onBackPressed()',1,17,'2024-05-26 17:48:51','2024-05-26 17:48:51'),(69,'Android Virtual Display',0,18,'2024-05-26 17:49:25','2024-05-26 17:49:25'),(70,'Android Virtual Device',1,18,'2024-05-26 17:49:25','2024-05-26 17:49:25'),(71,'Active Virtual Device',0,18,'2024-05-26 17:49:25','2024-05-26 17:49:25'),(72,'Active Virtual Display',0,18,'2024-05-26 17:49:25','2024-05-26 17:49:25'),(73,'Oui',1,19,'2024-05-26 17:50:17','2024-05-26 17:50:17'),(74,'Non',0,19,'2024-05-26 17:50:17','2024-05-26 17:50:17'),(75,'Peut-être',0,19,'2024-05-26 17:50:17','2024-05-26 17:50:17'),(76,'Je ne sais pas !',0,19,'2024-05-26 17:50:17','2024-05-26 17:50:17'),(77,'Pour stocker les données dans la base de données',1,20,'2024-05-26 17:50:59','2024-05-26 17:50:59'),(78,'Pour partager les données entre les applications',0,20,'2024-05-26 17:50:59','2024-05-26 17:50:59'),(79,'Pour envoyer les données d’une application à une autre application.',0,20,'2024-05-26 17:50:59','2024-05-26 17:50:59'),(80,'Aucune de ces réponses.',0,20,'2024-05-26 17:50:59','2024-05-26 17:50:59');
/*!40000 ALTER TABLE `answers` ENABLE KEYS */;
UNLOCK TABLES;

--
-- Table structure for table `candidate_answers`
--

DROP TABLE IF EXISTS `candidate_answers`;
/*!40101 SET @saved_cs_client     = @@character_set_client */;
/*!50503 SET character_set_client = utf8mb4 */;
CREATE TABLE `candidate_answers` (
  `id` bigint unsigned NOT NULL AUTO_INCREMENT,
  `point` int DEFAULT NULL,
  `answer_of_candidate` text CHARACTER SET utf8mb4 COLLATE utf8mb4_unicode_ci,
  `interview_id` bigint unsigned NOT NULL,
  `candidate_id` bigint unsigned NOT NULL,
  `answer_id` bigint unsigned NOT NULL,
  `created_at` timestamp NULL DEFAULT NULL,
  `updated_at` timestamp NULL DEFAULT NULL,
  PRIMARY KEY (`id`),
  KEY `candidate_answer_interview_id_foreign` (`interview_id`),
  KEY `candidate_answer_candidate_id_foreign` (`candidate_id`),
  KEY `candidate_answer_answer_id_foreign` (`answer_id`),
  CONSTRAINT `candidate_answer_answer_id_foreign` FOREIGN KEY (`answer_id`) REFERENCES `answers` (`id`) ON DELETE CASCADE,
  CONSTRAINT `candidate_answer_candidate_id_foreign` FOREIGN KEY (`candidate_id`) REFERENCES `candidates` (`id`) ON DELETE CASCADE,
  CONSTRAINT `candidate_answer_interview_id_foreign` FOREIGN KEY (`interview_id`) REFERENCES `interviews` (`id`) ON DELETE CASCADE
) ENGINE=InnoDB AUTO_INCREMENT=719 DEFAULT CHARSET=utf8mb4 COLLATE=utf8mb4_unicode_ci;
/*!40101 SET character_set_client = @saved_cs_client */;

--
-- Dumping data for table `candidate_answers`
--

LOCK TABLES `candidate_answers` WRITE;
/*!40000 ALTER TABLE `candidate_answers` DISABLE KEYS */;
INSERT INTO `candidate_answers` VALUES (1,0,NULL,1,6,1,'2024-05-31 03:15:57','2024-05-31 03:15:57'),(2,1,NULL,1,6,6,'2024-05-31 03:15:57','2024-05-31 03:15:57'),(3,0,NULL,1,6,11,'2024-05-31 03:15:57','2024-05-31 03:15:57'),(4,0,NULL,1,6,14,'2024-05-31 03:15:57','2024-05-31 03:15:57'),(5,0,NULL,1,6,19,'2024-05-31 03:15:57','2024-05-31 03:15:57'),(6,0,NULL,1,6,23,'2024-05-31 03:15:57','2024-05-31 03:15:57'),(7,0,NULL,1,6,27,'2024-05-31 03:15:57','2024-05-31 03:15:57'),(8,1,NULL,1,6,31,'2024-05-31 03:15:57','2024-05-31 03:15:57'),(9,1,NULL,1,6,35,'2024-05-31 03:15:57','2024-05-31 03:15:57'),(10,0,NULL,1,6,38,'2024-05-31 03:15:57','2024-05-31 03:15:57'),(11,0,NULL,1,6,42,'2024-05-31 03:15:57','2024-05-31 03:15:57'),(12,0,NULL,1,6,46,'2024-05-31 03:15:57','2024-05-31 03:15:57'),(13,0,NULL,1,6,51,'2024-05-31 03:15:57','2024-05-31 03:15:57'),(14,0,NULL,1,6,54,'2024-05-31 03:15:57','2024-05-31 03:15:57'),(15,1,NULL,1,6,59,'2024-05-31 03:15:57','2024-05-31 03:15:57'),(16,1,NULL,1,6,63,'2024-05-31 03:15:57','2024-05-31 03:15:57'),(17,0,NULL,1,6,67,'2024-05-31 03:15:57','2024-05-31 03:15:57'),(18,0,NULL,1,6,72,'2024-05-31 03:15:57','2024-05-31 03:15:57'),(19,0,NULL,1,6,75,'2024-05-31 03:15:57','2024-05-31 03:15:57'),(20,0,NULL,1,6,79,'2024-05-31 03:15:57','2024-05-31 03:15:57'),(21,0,NULL,1,7,3,'2024-05-31 03:38:04','2024-05-31 03:38:04'),(22,1,NULL,1,29,4,'2024-07-06 05:47:51','2024-07-06 05:47:51'),(23,0,NULL,1,21,2,'2024-07-06 05:49:23','2024-07-06 05:49:23'),(24,0,NULL,1,21,5,'2024-07-06 05:49:23','2024-07-06 05:49:23'),(25,1,NULL,1,16,4,'2024-07-06 05:49:27','2024-07-06 05:49:27'),(26,1,NULL,1,16,6,'2024-07-06 05:49:27','2024-07-06 05:49:27'),(27,1,NULL,1,16,12,'2024-07-06 05:49:27','2024-07-06 05:49:27'),(28,1,NULL,1,29,4,'2024-07-06 05:49:28','2024-07-06 05:49:28'),(29,0,NULL,1,29,7,'2024-07-06 05:49:28','2024-07-06 05:49:28'),(30,1,NULL,1,29,12,'2024-07-06 05:49:28','2024-07-06 05:49:28'),(31,1,NULL,1,29,15,'2024-07-06 05:49:28','2024-07-06 05:49:28'),(32,0,NULL,1,21,2,'2024-07-06 05:49:38','2024-07-06 05:49:38'),(33,0,NULL,1,21,3,'2024-07-06 05:49:53','2024-07-06 05:49:53'),(34,0,NULL,1,21,2,'2024-07-06 05:50:08','2024-07-06 05:50:08'),(35,0,NULL,1,33,2,'2024-07-06 05:50:17','2024-07-06 05:50:17'),(36,1,NULL,1,33,6,'2024-07-06 05:50:17','2024-07-06 05:50:17'),(37,1,NULL,1,33,12,'2024-07-06 05:50:17','2024-07-06 05:50:17'),(38,0,NULL,1,33,14,'2024-07-06 05:50:17','2024-07-06 05:50:17'),(39,1,NULL,1,33,17,'2024-07-06 05:50:17','2024-07-06 05:50:17'),(40,0,NULL,1,33,22,'2024-07-06 05:50:17','2024-07-06 05:50:17'),(41,0,NULL,1,21,3,'2024-07-06 05:50:39','2024-07-06 05:50:39'),(42,0,NULL,1,21,7,'2024-07-06 05:50:39','2024-07-06 05:50:39'),(43,0,NULL,1,21,11,'2024-07-06 05:50:39','2024-07-06 05:50:39'),(44,0,NULL,1,21,13,'2024-07-06 05:50:39','2024-07-06 05:50:39'),(45,1,NULL,1,27,4,'2024-07-06 05:51:02','2024-07-06 05:51:02'),(46,0,NULL,1,27,8,'2024-07-06 05:51:02','2024-07-06 05:51:02'),(47,1,NULL,1,27,12,'2024-07-06 05:51:02','2024-07-06 05:51:02'),(48,0,NULL,1,27,14,'2024-07-06 05:51:02','2024-07-06 05:51:02'),(49,1,NULL,1,27,17,'2024-07-06 05:51:02','2024-07-06 05:51:02'),(50,0,NULL,1,27,22,'2024-07-06 05:51:02','2024-07-06 05:51:02'),(51,1,NULL,1,27,25,'2024-07-06 05:51:02','2024-07-06 05:51:02'),(52,1,NULL,1,27,31,'2024-07-06 05:51:02','2024-07-06 05:51:02'),(53,1,NULL,1,27,35,'2024-07-06 05:51:02','2024-07-06 05:51:02'),(54,0,NULL,1,27,37,'2024-07-06 05:51:02','2024-07-06 05:51:02'),(55,0,NULL,1,27,43,'2024-07-06 05:51:02','2024-07-06 05:51:02'),(56,0,NULL,1,27,47,'2024-07-06 05:51:02','2024-07-06 05:51:02'),(57,1,NULL,1,27,49,'2024-07-06 05:51:02','2024-07-06 05:51:02'),(58,1,NULL,1,27,56,'2024-07-06 05:51:02','2024-07-06 05:51:02'),(59,1,NULL,1,27,59,'2024-07-06 05:51:02','2024-07-06 05:51:02'),(60,1,NULL,1,27,63,'2024-07-06 05:51:02','2024-07-06 05:51:02'),(61,1,NULL,1,27,68,'2024-07-06 05:51:02','2024-07-06 05:51:02'),(62,1,NULL,1,27,70,'2024-07-06 05:51:02','2024-07-06 05:51:02'),(63,1,NULL,1,27,73,'2024-07-06 05:51:02','2024-07-06 05:51:02'),(64,0,NULL,1,27,78,'2024-07-06 05:51:02','2024-07-06 05:51:02'),(65,1,NULL,1,28,4,'2024-07-06 05:51:02','2024-07-06 05:51:02'),(66,0,NULL,1,28,8,'2024-07-06 05:51:02','2024-07-06 05:51:02'),(67,1,NULL,1,28,12,'2024-07-06 05:51:02','2024-07-06 05:51:02'),(68,0,NULL,1,28,14,'2024-07-06 05:51:02','2024-07-06 05:51:02'),(69,1,NULL,1,28,17,'2024-07-06 05:51:02','2024-07-06 05:51:02'),(70,0,NULL,1,28,22,'2024-07-06 05:51:02','2024-07-06 05:51:02'),(71,1,NULL,1,28,25,'2024-07-06 05:51:02','2024-07-06 05:51:02'),(72,1,NULL,1,28,31,'2024-07-06 05:51:02','2024-07-06 05:51:02'),(73,1,NULL,1,28,35,'2024-07-06 05:51:02','2024-07-06 05:51:02'),(74,0,NULL,1,28,37,'2024-07-06 05:51:02','2024-07-06 05:51:02'),(75,0,NULL,1,28,43,'2024-07-06 05:51:02','2024-07-06 05:51:02'),(76,0,NULL,1,28,47,'2024-07-06 05:51:02','2024-07-06 05:51:02'),(77,1,NULL,1,28,49,'2024-07-06 05:51:02','2024-07-06 05:51:02'),(78,1,NULL,1,28,56,'2024-07-06 05:51:02','2024-07-06 05:51:02'),(79,1,NULL,1,28,59,'2024-07-06 05:51:02','2024-07-06 05:51:02'),(80,1,NULL,1,28,63,'2024-07-06 05:51:02','2024-07-06 05:51:02'),(81,1,NULL,1,28,68,'2024-07-06 05:51:02','2024-07-06 05:51:02'),(82,1,NULL,1,28,70,'2024-07-06 05:51:02','2024-07-06 05:51:02'),(83,1,NULL,1,28,73,'2024-07-06 05:51:02','2024-07-06 05:51:02'),(84,0,NULL,1,28,78,'2024-07-06 05:51:02','2024-07-06 05:51:02'),(85,1,NULL,1,26,4,'2024-07-06 05:51:06','2024-07-06 05:51:06'),(86,0,NULL,1,26,7,'2024-07-06 05:51:06','2024-07-06 05:51:06'),(87,1,NULL,1,26,12,'2024-07-06 05:51:06','2024-07-06 05:51:06'),(88,1,NULL,1,26,15,'2024-07-06 05:51:06','2024-07-06 05:51:06'),(89,0,NULL,1,26,20,'2024-07-06 05:51:06','2024-07-06 05:51:06'),(90,1,NULL,1,26,24,'2024-07-06 05:51:06','2024-07-06 05:51:06'),(91,1,NULL,1,26,25,'2024-07-06 05:51:06','2024-07-06 05:51:06'),(92,1,NULL,1,26,31,'2024-07-06 05:51:06','2024-07-06 05:51:06'),(93,1,NULL,1,26,35,'2024-07-06 05:51:06','2024-07-06 05:51:06'),(94,0,NULL,1,26,37,'2024-07-06 05:51:06','2024-07-06 05:51:06'),(95,0,NULL,1,26,42,'2024-07-06 05:51:06','2024-07-06 05:51:06'),(96,0,NULL,1,26,46,'2024-07-06 05:51:06','2024-07-06 05:51:06'),(97,1,NULL,1,26,49,'2024-07-06 05:51:06','2024-07-06 05:51:06'),(98,1,NULL,1,26,56,'2024-07-06 05:51:06','2024-07-06 05:51:06'),(99,1,NULL,1,26,59,'2024-07-06 05:51:06','2024-07-06 05:51:06'),(100,1,NULL,1,26,63,'2024-07-06 05:51:06','2024-07-06 05:51:06'),(101,0,NULL,1,26,65,'2024-07-06 05:51:06','2024-07-06 05:51:06'),(102,1,NULL,1,26,70,'2024-07-06 05:51:06','2024-07-06 05:51:06'),(103,1,NULL,1,26,73,'2024-07-06 05:51:06','2024-07-06 05:51:06'),(104,1,NULL,1,26,77,'2024-07-06 05:51:06','2024-07-06 05:51:06'),(105,1,NULL,1,35,4,'2024-07-06 05:51:15','2024-07-06 05:51:15'),(106,1,NULL,1,35,6,'2024-07-06 05:51:15','2024-07-06 05:51:15'),(107,1,NULL,1,35,12,'2024-07-06 05:51:15','2024-07-06 05:51:15'),(108,0,NULL,1,21,3,'2024-07-06 05:51:43','2024-07-06 05:51:43'),(109,0,NULL,1,21,7,'2024-07-06 05:51:43','2024-07-06 05:51:43'),(110,0,NULL,1,21,11,'2024-07-06 05:51:43','2024-07-06 05:51:43'),(111,0,NULL,1,21,13,'2024-07-06 05:51:43','2024-07-06 05:51:43'),(112,0,NULL,1,21,19,'2024-07-06 05:51:43','2024-07-06 05:51:43'),(113,1,NULL,1,21,24,'2024-07-06 05:51:43','2024-07-06 05:51:43'),(114,0,NULL,1,16,2,'2024-07-06 05:52:08','2024-07-06 05:52:08'),(115,0,NULL,1,16,7,'2024-07-06 05:52:08','2024-07-06 05:52:08'),(116,0,NULL,1,21,2,'2024-07-06 05:52:23','2024-07-06 05:52:23'),(117,0,NULL,1,21,7,'2024-07-06 05:52:23','2024-07-06 05:52:23'),(118,0,NULL,1,21,11,'2024-07-06 05:52:23','2024-07-06 05:52:23'),(119,0,NULL,1,21,1,'2024-07-06 05:52:38','2024-07-06 05:52:38'),(120,1,NULL,1,9,4,'2024-07-06 05:52:57','2024-07-06 05:52:57'),(121,0,NULL,1,9,8,'2024-07-06 05:52:57','2024-07-06 05:52:57'),(122,1,NULL,1,9,12,'2024-07-06 05:52:57','2024-07-06 05:52:57'),(123,1,NULL,1,9,15,'2024-07-06 05:52:57','2024-07-06 05:52:57'),(124,1,NULL,1,9,17,'2024-07-06 05:52:57','2024-07-06 05:52:57'),(125,1,NULL,1,9,24,'2024-07-06 05:52:57','2024-07-06 05:52:57'),(126,1,NULL,1,9,25,'2024-07-06 05:52:57','2024-07-06 05:52:57'),(127,1,NULL,1,9,31,'2024-07-06 05:52:57','2024-07-06 05:52:57'),(128,1,NULL,1,9,35,'2024-07-06 05:52:57','2024-07-06 05:52:57'),(129,1,NULL,1,9,39,'2024-07-06 05:52:57','2024-07-06 05:52:57'),(130,0,NULL,1,9,43,'2024-07-06 05:52:57','2024-07-06 05:52:57'),(131,0,NULL,1,9,46,'2024-07-06 05:52:57','2024-07-06 05:52:57'),(132,1,NULL,1,9,49,'2024-07-06 05:52:57','2024-07-06 05:52:57'),(133,1,NULL,1,9,56,'2024-07-06 05:52:57','2024-07-06 05:52:57'),(134,0,NULL,1,9,60,'2024-07-06 05:52:57','2024-07-06 05:52:57'),(135,1,NULL,1,14,4,'2024-07-06 05:53:00','2024-07-06 05:53:00'),(136,0,NULL,1,14,8,'2024-07-06 05:53:00','2024-07-06 05:53:00'),(137,1,NULL,1,14,12,'2024-07-06 05:53:00','2024-07-06 05:53:00'),(138,0,NULL,1,14,13,'2024-07-06 05:53:00','2024-07-06 05:53:00'),(139,1,NULL,1,14,17,'2024-07-06 05:53:00','2024-07-06 05:53:00'),(140,1,NULL,1,14,24,'2024-07-06 05:53:00','2024-07-06 05:53:00'),(141,1,NULL,1,14,25,'2024-07-06 05:53:00','2024-07-06 05:53:00'),(142,0,NULL,1,14,29,'2024-07-06 05:53:00','2024-07-06 05:53:00'),(143,1,NULL,1,14,35,'2024-07-06 05:53:00','2024-07-06 05:53:00'),(144,0,NULL,1,14,37,'2024-07-06 05:53:00','2024-07-06 05:53:00'),(145,1,NULL,1,14,41,'2024-07-06 05:53:00','2024-07-06 05:53:00'),(146,0,NULL,1,14,47,'2024-07-06 05:53:00','2024-07-06 05:53:00'),(147,1,NULL,1,14,49,'2024-07-06 05:53:00','2024-07-06 05:53:00'),(148,0,NULL,1,14,54,'2024-07-06 05:53:00','2024-07-06 05:53:00'),(149,0,NULL,1,14,60,'2024-07-06 05:53:00','2024-07-06 05:53:00'),(150,0,NULL,1,14,62,'2024-07-06 05:53:00','2024-07-06 05:53:00'),(151,0,NULL,1,14,65,'2024-07-06 05:53:00','2024-07-06 05:53:00'),(152,1,NULL,1,14,70,'2024-07-06 05:53:00','2024-07-06 05:53:00'),(153,0,NULL,1,14,75,'2024-07-06 05:53:00','2024-07-06 05:53:00'),(154,0,NULL,1,14,79,'2024-07-06 05:53:00','2024-07-06 05:53:00'),(155,1,NULL,1,30,4,'2024-07-06 05:53:15','2024-07-06 05:53:15'),(156,0,NULL,1,30,7,'2024-07-06 05:53:15','2024-07-06 05:53:15'),(157,1,NULL,1,30,12,'2024-07-06 05:53:15','2024-07-06 05:53:15'),(158,0,NULL,1,30,14,'2024-07-06 05:53:15','2024-07-06 05:53:15'),(159,0,NULL,1,30,19,'2024-07-06 05:53:15','2024-07-06 05:53:15'),(160,1,NULL,1,30,24,'2024-07-06 05:53:15','2024-07-06 05:53:15'),(161,0,NULL,1,30,27,'2024-07-06 05:53:15','2024-07-06 05:53:15'),(162,1,NULL,1,30,31,'2024-07-06 05:53:15','2024-07-06 05:53:15'),(163,1,NULL,1,30,35,'2024-07-06 05:53:15','2024-07-06 05:53:15'),(164,1,NULL,1,30,39,'2024-07-06 05:53:15','2024-07-06 05:53:15'),(165,0,NULL,1,30,43,'2024-07-06 05:53:15','2024-07-06 05:53:15'),(166,0,NULL,1,30,47,'2024-07-06 05:53:15','2024-07-06 05:53:15'),(167,1,NULL,1,30,49,'2024-07-06 05:53:15','2024-07-06 05:53:15'),(168,1,NULL,1,30,56,'2024-07-06 05:53:15','2024-07-06 05:53:15'),(169,1,NULL,1,30,59,'2024-07-06 05:53:15','2024-07-06 05:53:15'),(170,0,NULL,1,30,62,'2024-07-06 05:53:15','2024-07-06 05:53:15'),(171,0,NULL,1,30,66,'2024-07-06 05:53:15','2024-07-06 05:53:15'),(172,1,NULL,1,30,70,'2024-07-06 05:53:15','2024-07-06 05:53:15'),(173,1,NULL,1,30,73,'2024-07-06 05:53:15','2024-07-06 05:53:15'),(174,0,NULL,1,30,79,'2024-07-06 05:53:15','2024-07-06 05:53:15'),(175,1,NULL,1,20,4,'2024-07-06 05:54:10','2024-07-06 05:54:10'),(176,1,NULL,1,20,6,'2024-07-06 05:54:10','2024-07-06 05:54:10'),(177,1,NULL,1,20,12,'2024-07-06 05:54:10','2024-07-06 05:54:10'),(178,0,NULL,1,20,13,'2024-07-06 05:54:10','2024-07-06 05:54:10'),(179,1,NULL,1,29,4,'2024-07-06 05:54:10','2024-07-06 05:54:10'),(180,0,NULL,1,29,7,'2024-07-06 05:54:10','2024-07-06 05:54:10'),(181,1,NULL,1,29,12,'2024-07-06 05:54:10','2024-07-06 05:54:10'),(182,1,NULL,1,29,15,'2024-07-06 05:54:10','2024-07-06 05:54:10'),(183,0,NULL,1,29,20,'2024-07-06 05:54:10','2024-07-06 05:54:10'),(184,1,NULL,1,29,24,'2024-07-06 05:54:10','2024-07-06 05:54:10'),(185,1,NULL,1,29,25,'2024-07-06 05:54:10','2024-07-06 05:54:10'),(186,1,NULL,1,29,31,'2024-07-06 05:54:10','2024-07-06 05:54:10'),(187,1,NULL,1,29,35,'2024-07-06 05:54:10','2024-07-06 05:54:10'),(188,1,NULL,1,29,39,'2024-07-06 05:54:10','2024-07-06 05:54:10'),(189,1,NULL,1,29,41,'2024-07-06 05:54:10','2024-07-06 05:54:10'),(190,0,NULL,1,29,46,'2024-07-06 05:54:10','2024-07-06 05:54:10'),(191,1,NULL,1,29,49,'2024-07-06 05:54:10','2024-07-06 05:54:10'),(192,0,NULL,1,29,54,'2024-07-06 05:54:10','2024-07-06 05:54:10'),(193,1,NULL,1,29,59,'2024-07-06 05:54:10','2024-07-06 05:54:10'),(194,0,NULL,1,29,61,'2024-07-06 05:54:10','2024-07-06 05:54:10'),(195,1,NULL,1,29,68,'2024-07-06 05:54:10','2024-07-06 05:54:10'),(196,0,NULL,1,29,69,'2024-07-06 05:54:10','2024-07-06 05:54:10'),(197,1,NULL,1,29,73,'2024-07-06 05:54:10','2024-07-06 05:54:10'),(198,0,NULL,1,29,79,'2024-07-06 05:54:10','2024-07-06 05:54:10'),(199,1,NULL,1,23,4,'2024-07-06 05:54:20','2024-07-06 05:54:20'),(200,1,NULL,1,23,6,'2024-07-06 05:54:20','2024-07-06 05:54:20'),(201,1,NULL,1,23,12,'2024-07-06 05:54:20','2024-07-06 05:54:20'),(202,1,NULL,1,23,15,'2024-07-06 05:54:20','2024-07-06 05:54:20'),(203,1,NULL,1,23,17,'2024-07-06 05:54:20','2024-07-06 05:54:20'),(204,0,NULL,1,23,22,'2024-07-06 05:54:20','2024-07-06 05:54:20'),(205,1,NULL,1,23,25,'2024-07-06 05:54:20','2024-07-06 05:54:20'),(206,0,NULL,1,23,29,'2024-07-06 05:54:20','2024-07-06 05:54:20'),(207,1,NULL,1,23,35,'2024-07-06 05:54:20','2024-07-06 05:54:20'),(208,0,NULL,1,23,37,'2024-07-06 05:54:20','2024-07-06 05:54:20'),(209,1,NULL,1,23,41,'2024-07-06 05:54:20','2024-07-06 05:54:20'),(210,0,NULL,1,23,46,'2024-07-06 05:54:20','2024-07-06 05:54:20'),(211,0,NULL,1,23,52,'2024-07-06 05:54:20','2024-07-06 05:54:20'),(212,1,NULL,1,23,56,'2024-07-06 05:54:20','2024-07-06 05:54:20'),(213,1,NULL,1,23,59,'2024-07-06 05:54:20','2024-07-06 05:54:20'),(214,1,NULL,1,23,63,'2024-07-06 05:54:20','2024-07-06 05:54:20'),(215,0,NULL,1,23,65,'2024-07-06 05:54:20','2024-07-06 05:54:20'),(216,1,NULL,1,23,70,'2024-07-06 05:54:20','2024-07-06 05:54:20'),(217,1,NULL,1,23,73,'2024-07-06 05:54:20','2024-07-06 05:54:20'),(218,0,NULL,1,23,78,'2024-07-06 05:54:20','2024-07-06 05:54:20'),(219,0,NULL,1,21,2,'2024-07-06 05:54:24','2024-07-06 05:54:24'),(220,0,NULL,1,21,7,'2024-07-06 05:54:24','2024-07-06 05:54:24'),(221,0,NULL,1,21,11,'2024-07-06 05:54:24','2024-07-06 05:54:24'),(222,0,NULL,1,21,13,'2024-07-06 05:54:24','2024-07-06 05:54:24'),(223,0,NULL,1,21,18,'2024-07-06 05:54:24','2024-07-06 05:54:24'),(224,1,NULL,1,21,24,'2024-07-06 05:54:24','2024-07-06 05:54:24'),(225,0,NULL,1,21,27,'2024-07-06 05:54:24','2024-07-06 05:54:24'),(226,1,NULL,1,22,4,'2024-07-06 05:54:28','2024-07-06 05:54:28'),(227,1,NULL,1,22,6,'2024-07-06 05:54:28','2024-07-06 05:54:28'),(228,1,NULL,1,22,12,'2024-07-06 05:54:28','2024-07-06 05:54:28'),(229,0,NULL,1,22,14,'2024-07-06 05:54:28','2024-07-06 05:54:28'),(230,1,NULL,1,22,17,'2024-07-06 05:54:28','2024-07-06 05:54:28'),(231,1,NULL,1,22,24,'2024-07-06 05:54:28','2024-07-06 05:54:28'),(232,1,NULL,1,22,25,'2024-07-06 05:54:28','2024-07-06 05:54:28'),(233,1,NULL,1,22,31,'2024-07-06 05:54:28','2024-07-06 05:54:28'),(234,1,NULL,1,22,35,'2024-07-06 05:54:28','2024-07-06 05:54:28'),(235,0,NULL,1,22,37,'2024-07-06 05:54:28','2024-07-06 05:54:28'),(236,1,NULL,1,22,41,'2024-07-06 05:54:28','2024-07-06 05:54:28'),(237,0,NULL,1,22,46,'2024-07-06 05:54:28','2024-07-06 05:54:28'),(238,0,NULL,1,22,52,'2024-07-06 05:54:28','2024-07-06 05:54:28'),(239,0,NULL,1,22,55,'2024-07-06 05:54:28','2024-07-06 05:54:28'),(240,0,NULL,1,22,60,'2024-07-06 05:54:28','2024-07-06 05:54:28'),(241,0,NULL,1,22,64,'2024-07-06 05:54:28','2024-07-06 05:54:28'),(242,1,NULL,1,22,68,'2024-07-06 05:54:28','2024-07-06 05:54:28'),(243,1,NULL,1,22,70,'2024-07-06 05:54:28','2024-07-06 05:54:28'),(244,1,NULL,1,22,73,'2024-07-06 05:54:28','2024-07-06 05:54:28'),(245,0,NULL,1,22,80,'2024-07-06 05:54:28','2024-07-06 05:54:28'),(246,0,NULL,1,21,3,'2024-07-06 05:55:24','2024-07-06 05:55:24'),(247,0,NULL,1,21,7,'2024-07-06 05:55:24','2024-07-06 05:55:24'),(248,0,NULL,1,21,10,'2024-07-06 05:55:24','2024-07-06 05:55:24'),(249,0,NULL,1,21,13,'2024-07-06 05:55:24','2024-07-06 05:55:24'),(250,0,NULL,1,21,19,'2024-07-06 05:55:24','2024-07-06 05:55:24'),(251,1,NULL,1,21,24,'2024-07-06 05:55:24','2024-07-06 05:55:24'),(252,1,NULL,1,10,4,'2024-07-06 05:55:34','2024-07-06 05:55:34'),(253,0,NULL,1,10,8,'2024-07-06 05:55:34','2024-07-06 05:55:34'),(254,1,NULL,1,10,12,'2024-07-06 05:55:34','2024-07-06 05:55:34'),(255,0,NULL,1,10,14,'2024-07-06 05:55:34','2024-07-06 05:55:34'),(256,1,NULL,1,10,17,'2024-07-06 05:55:34','2024-07-06 05:55:34'),(257,1,NULL,1,10,24,'2024-07-06 05:55:34','2024-07-06 05:55:34'),(258,1,NULL,1,10,25,'2024-07-06 05:55:34','2024-07-06 05:55:34'),(259,1,NULL,1,10,31,'2024-07-06 05:55:34','2024-07-06 05:55:34'),(260,1,NULL,1,10,35,'2024-07-06 05:55:34','2024-07-06 05:55:34'),(261,0,NULL,1,10,37,'2024-07-06 05:55:34','2024-07-06 05:55:34'),(262,0,NULL,1,10,43,'2024-07-06 05:55:34','2024-07-06 05:55:34'),(263,0,NULL,1,10,46,'2024-07-06 05:55:34','2024-07-06 05:55:34'),(264,1,NULL,1,10,49,'2024-07-06 05:55:34','2024-07-06 05:55:34'),(265,1,NULL,1,10,56,'2024-07-06 05:55:34','2024-07-06 05:55:34'),(266,1,NULL,1,10,59,'2024-07-06 05:55:34','2024-07-06 05:55:34'),(267,1,NULL,1,10,63,'2024-07-06 05:55:34','2024-07-06 05:55:34'),(268,0,NULL,1,10,65,'2024-07-06 05:55:34','2024-07-06 05:55:34'),(269,1,NULL,1,10,70,'2024-07-06 05:55:34','2024-07-06 05:55:34'),(270,0,NULL,1,10,74,'2024-07-06 05:55:34','2024-07-06 05:55:34'),(271,0,NULL,1,10,78,'2024-07-06 05:55:34','2024-07-06 05:55:34'),(272,1,NULL,1,18,4,'2024-07-06 05:55:46','2024-07-06 05:55:46'),(273,0,NULL,1,18,8,'2024-07-06 05:55:46','2024-07-06 05:55:46'),(274,1,NULL,1,18,12,'2024-07-06 05:55:46','2024-07-06 05:55:46'),(275,0,NULL,1,18,14,'2024-07-06 05:55:46','2024-07-06 05:55:46'),(276,1,NULL,1,18,17,'2024-07-06 05:55:46','2024-07-06 05:55:46'),(277,1,NULL,1,18,24,'2024-07-06 05:55:46','2024-07-06 05:55:46'),(278,1,NULL,1,18,25,'2024-07-06 05:55:46','2024-07-06 05:55:46'),(279,1,NULL,1,18,31,'2024-07-06 05:55:46','2024-07-06 05:55:46'),(280,1,NULL,1,18,35,'2024-07-06 05:55:46','2024-07-06 05:55:46'),(281,0,NULL,1,18,38,'2024-07-06 05:55:46','2024-07-06 05:55:46'),(282,0,NULL,1,18,43,'2024-07-06 05:55:46','2024-07-06 05:55:46'),(283,1,NULL,1,18,45,'2024-07-06 05:55:46','2024-07-06 05:55:46'),(284,1,NULL,1,18,49,'2024-07-06 05:55:46','2024-07-06 05:55:46'),(285,1,NULL,1,18,56,'2024-07-06 05:55:46','2024-07-06 05:55:46'),(286,1,NULL,1,18,59,'2024-07-06 05:55:46','2024-07-06 05:55:46'),(287,1,NULL,1,18,63,'2024-07-06 05:55:46','2024-07-06 05:55:46'),(288,0,NULL,1,18,65,'2024-07-06 05:55:46','2024-07-06 05:55:46'),(289,1,NULL,1,18,70,'2024-07-06 05:55:46','2024-07-06 05:55:46'),(290,0,NULL,1,18,74,'2024-07-06 05:55:46','2024-07-06 05:55:46'),(291,0,NULL,1,18,78,'2024-07-06 05:55:46','2024-07-06 05:55:46'),(292,1,NULL,1,13,4,'2024-07-06 05:55:50','2024-07-06 05:55:50'),(293,0,NULL,1,13,8,'2024-07-06 05:55:51','2024-07-06 05:55:51'),(294,1,NULL,1,13,12,'2024-07-06 05:55:51','2024-07-06 05:55:51'),(295,0,NULL,1,13,16,'2024-07-06 05:55:51','2024-07-06 05:55:51'),(296,0,NULL,1,13,19,'2024-07-06 05:55:51','2024-07-06 05:55:51'),(297,1,NULL,1,13,24,'2024-07-06 05:55:51','2024-07-06 05:55:51'),(298,1,NULL,1,13,25,'2024-07-06 05:55:51','2024-07-06 05:55:51'),(299,1,NULL,1,13,31,'2024-07-06 05:55:51','2024-07-06 05:55:51'),(300,1,NULL,1,13,35,'2024-07-06 05:55:51','2024-07-06 05:55:51'),(301,0,NULL,1,13,38,'2024-07-06 05:55:51','2024-07-06 05:55:51'),(302,1,NULL,1,13,41,'2024-07-06 05:55:51','2024-07-06 05:55:51'),(303,0,NULL,1,13,46,'2024-07-06 05:55:51','2024-07-06 05:55:51'),(304,1,NULL,1,13,49,'2024-07-06 05:55:51','2024-07-06 05:55:51'),(305,1,NULL,1,13,56,'2024-07-06 05:55:51','2024-07-06 05:55:51'),(306,1,NULL,1,13,59,'2024-07-06 05:55:51','2024-07-06 05:55:51'),(307,0,NULL,1,13,62,'2024-07-06 05:55:51','2024-07-06 05:55:51'),(308,1,NULL,1,13,68,'2024-07-06 05:55:51','2024-07-06 05:55:51'),(309,1,NULL,1,13,70,'2024-07-06 05:55:51','2024-07-06 05:55:51'),(310,1,NULL,1,13,73,'2024-07-06 05:55:51','2024-07-06 05:55:51'),(311,0,NULL,1,13,80,'2024-07-06 05:55:51','2024-07-06 05:55:51'),(312,1,NULL,1,32,4,'2024-07-06 05:56:19','2024-07-06 05:56:19'),(313,0,NULL,1,32,8,'2024-07-06 05:56:19','2024-07-06 05:56:19'),(314,1,NULL,1,32,12,'2024-07-06 05:56:19','2024-07-06 05:56:19'),(315,0,NULL,1,32,14,'2024-07-06 05:56:19','2024-07-06 05:56:19'),(316,0,NULL,1,32,18,'2024-07-06 05:56:19','2024-07-06 05:56:19'),(317,1,NULL,1,32,24,'2024-07-06 05:56:19','2024-07-06 05:56:19'),(318,1,NULL,1,32,25,'2024-07-06 05:56:19','2024-07-06 05:56:19'),(319,1,NULL,1,32,31,'2024-07-06 05:56:19','2024-07-06 05:56:19'),(320,1,NULL,1,32,35,'2024-07-06 05:56:19','2024-07-06 05:56:19'),(321,0,NULL,1,32,38,'2024-07-06 05:56:19','2024-07-06 05:56:19'),(322,1,NULL,1,32,41,'2024-07-06 05:56:19','2024-07-06 05:56:19'),(323,0,NULL,1,32,46,'2024-07-06 05:56:19','2024-07-06 05:56:19'),(324,1,NULL,1,32,49,'2024-07-06 05:56:19','2024-07-06 05:56:19'),(325,1,NULL,1,32,56,'2024-07-06 05:56:19','2024-07-06 05:56:19'),(326,1,NULL,1,32,59,'2024-07-06 05:56:19','2024-07-06 05:56:19'),(327,1,NULL,1,32,63,'2024-07-06 05:56:19','2024-07-06 05:56:19'),(328,1,NULL,1,32,68,'2024-07-06 05:56:19','2024-07-06 05:56:19'),(329,1,NULL,1,32,70,'2024-07-06 05:56:19','2024-07-06 05:56:19'),(330,1,NULL,1,32,73,'2024-07-06 05:56:19','2024-07-06 05:56:19'),(331,0,NULL,1,32,80,'2024-07-06 05:56:19','2024-07-06 05:56:19'),(332,0,NULL,1,21,3,'2024-07-06 05:56:39','2024-07-06 05:56:39'),(333,0,NULL,1,21,7,'2024-07-06 05:56:39','2024-07-06 05:56:39'),(334,0,NULL,1,21,11,'2024-07-06 05:56:39','2024-07-06 05:56:39'),(335,0,NULL,1,21,14,'2024-07-06 05:56:39','2024-07-06 05:56:39'),(336,0,NULL,1,21,18,'2024-07-06 05:56:39','2024-07-06 05:56:39'),(337,1,NULL,1,21,24,'2024-07-06 05:56:39','2024-07-06 05:56:39'),(338,1,NULL,1,21,25,'2024-07-06 05:56:39','2024-07-06 05:56:39'),(339,1,NULL,1,17,4,'2024-07-06 05:56:48','2024-07-06 05:56:48'),(340,0,NULL,1,17,8,'2024-07-06 05:56:48','2024-07-06 05:56:48'),(341,1,NULL,1,17,12,'2024-07-06 05:56:48','2024-07-06 05:56:48'),(342,0,NULL,1,17,16,'2024-07-06 05:56:48','2024-07-06 05:56:48'),(343,1,NULL,1,17,17,'2024-07-06 05:56:48','2024-07-06 05:56:48'),(344,1,NULL,1,17,24,'2024-07-06 05:56:48','2024-07-06 05:56:48'),(345,0,NULL,1,17,27,'2024-07-06 05:56:48','2024-07-06 05:56:48'),(346,1,NULL,1,17,31,'2024-07-06 05:56:48','2024-07-06 05:56:48'),(347,1,NULL,1,17,35,'2024-07-06 05:56:48','2024-07-06 05:56:48'),(348,0,NULL,1,17,37,'2024-07-06 05:56:48','2024-07-06 05:56:48'),(349,1,NULL,1,17,41,'2024-07-06 05:56:48','2024-07-06 05:56:48'),(350,0,NULL,1,17,47,'2024-07-06 05:56:48','2024-07-06 05:56:48'),(351,0,NULL,1,17,52,'2024-07-06 05:56:48','2024-07-06 05:56:48'),(352,0,NULL,1,17,54,'2024-07-06 05:56:48','2024-07-06 05:56:48'),(353,1,NULL,1,17,59,'2024-07-06 05:56:48','2024-07-06 05:56:48'),(354,1,NULL,1,17,63,'2024-07-06 05:56:48','2024-07-06 05:56:48'),(355,1,NULL,1,17,68,'2024-07-06 05:56:48','2024-07-06 05:56:48'),(356,1,NULL,1,17,70,'2024-07-06 05:56:48','2024-07-06 05:56:48'),(357,1,NULL,1,17,73,'2024-07-06 05:56:48','2024-07-06 05:56:48'),(358,0,NULL,1,17,80,'2024-07-06 05:56:48','2024-07-06 05:56:48'),(359,0,NULL,1,21,2,'2024-07-06 05:56:54','2024-07-06 05:56:54'),(360,1,NULL,1,23,4,'2024-07-06 05:57:07','2024-07-06 05:57:07'),(361,1,NULL,1,23,6,'2024-07-06 05:57:07','2024-07-06 05:57:07'),(362,1,NULL,1,23,12,'2024-07-06 05:57:07','2024-07-06 05:57:07'),(363,1,NULL,1,23,15,'2024-07-06 05:57:07','2024-07-06 05:57:07'),(364,1,NULL,1,23,17,'2024-07-06 05:57:07','2024-07-06 05:57:07'),(365,0,NULL,1,23,22,'2024-07-06 05:57:07','2024-07-06 05:57:07'),(366,1,NULL,1,23,25,'2024-07-06 05:57:07','2024-07-06 05:57:07'),(367,1,NULL,1,23,31,'2024-07-06 05:57:07','2024-07-06 05:57:07'),(368,1,NULL,1,23,35,'2024-07-06 05:57:07','2024-07-06 05:57:07'),(369,0,NULL,1,23,37,'2024-07-06 05:57:07','2024-07-06 05:57:07'),(370,1,NULL,1,23,41,'2024-07-06 05:57:07','2024-07-06 05:57:07'),(371,0,NULL,1,23,46,'2024-07-06 05:57:07','2024-07-06 05:57:07'),(372,0,NULL,1,23,52,'2024-07-06 05:57:07','2024-07-06 05:57:07'),(373,1,NULL,1,23,56,'2024-07-06 05:57:07','2024-07-06 05:57:07'),(374,1,NULL,1,23,59,'2024-07-06 05:57:07','2024-07-06 05:57:07'),(375,1,NULL,1,23,63,'2024-07-06 05:57:07','2024-07-06 05:57:07'),(376,0,NULL,1,23,65,'2024-07-06 05:57:07','2024-07-06 05:57:07'),(377,1,NULL,1,23,70,'2024-07-06 05:57:07','2024-07-06 05:57:07'),(378,1,NULL,1,23,73,'2024-07-06 05:57:07','2024-07-06 05:57:07'),(379,0,NULL,1,23,78,'2024-07-06 05:57:07','2024-07-06 05:57:07'),(380,1,NULL,1,25,4,'2024-07-06 05:57:31','2024-07-06 05:57:31'),(381,0,NULL,1,25,8,'2024-07-06 05:57:31','2024-07-06 05:57:31'),(382,1,NULL,1,25,12,'2024-07-06 05:57:31','2024-07-06 05:57:31'),(383,0,NULL,1,25,14,'2024-07-06 05:57:31','2024-07-06 05:57:31'),(384,1,NULL,1,25,17,'2024-07-06 05:57:31','2024-07-06 05:57:31'),(385,1,NULL,1,25,24,'2024-07-06 05:57:31','2024-07-06 05:57:31'),(386,1,NULL,1,25,25,'2024-07-06 05:57:31','2024-07-06 05:57:31'),(387,1,NULL,1,25,31,'2024-07-06 05:57:31','2024-07-06 05:57:31'),(388,1,NULL,1,25,35,'2024-07-06 05:57:31','2024-07-06 05:57:31'),(389,0,NULL,1,25,37,'2024-07-06 05:57:31','2024-07-06 05:57:31'),(390,0,NULL,1,25,43,'2024-07-06 05:57:31','2024-07-06 05:57:31'),(391,0,NULL,1,25,46,'2024-07-06 05:57:31','2024-07-06 05:57:31'),(392,1,NULL,1,25,49,'2024-07-06 05:57:31','2024-07-06 05:57:31'),(393,1,NULL,1,25,56,'2024-07-06 05:57:31','2024-07-06 05:57:31'),(394,1,NULL,1,25,59,'2024-07-06 05:57:31','2024-07-06 05:57:31'),(395,1,NULL,1,25,63,'2024-07-06 05:57:31','2024-07-06 05:57:31'),(396,0,NULL,1,25,65,'2024-07-06 05:57:31','2024-07-06 05:57:31'),(397,1,NULL,1,25,70,'2024-07-06 05:57:31','2024-07-06 05:57:31'),(398,1,NULL,1,25,73,'2024-07-06 05:57:31','2024-07-06 05:57:31'),(399,0,NULL,1,25,78,'2024-07-06 05:57:31','2024-07-06 05:57:31'),(400,0,NULL,1,15,2,'2024-07-06 05:58:40','2024-07-06 05:58:40'),(401,0,NULL,1,15,7,'2024-07-06 05:58:40','2024-07-06 05:58:40'),(402,1,NULL,1,15,12,'2024-07-06 05:58:40','2024-07-06 05:58:40'),(403,0,NULL,1,15,14,'2024-07-06 05:58:40','2024-07-06 05:58:40'),(404,1,NULL,1,15,17,'2024-07-06 05:58:40','2024-07-06 05:58:40'),(405,0,NULL,1,15,22,'2024-07-06 05:58:40','2024-07-06 05:58:40'),(406,0,NULL,1,15,27,'2024-07-06 05:58:40','2024-07-06 05:58:40'),(407,1,NULL,1,15,31,'2024-07-06 05:58:40','2024-07-06 05:58:40'),(408,1,NULL,1,15,35,'2024-07-06 05:58:40','2024-07-06 05:58:40'),(409,0,NULL,1,15,37,'2024-07-06 05:58:40','2024-07-06 05:58:40'),(410,1,NULL,1,15,41,'2024-07-06 05:58:40','2024-07-06 05:58:40'),(411,0,NULL,1,15,46,'2024-07-06 05:58:40','2024-07-06 05:58:40'),(412,1,NULL,1,15,49,'2024-07-06 05:58:40','2024-07-06 05:58:40'),(413,0,NULL,1,15,55,'2024-07-06 05:58:40','2024-07-06 05:58:40'),(414,0,NULL,1,15,60,'2024-07-06 05:58:40','2024-07-06 05:58:40'),(415,1,NULL,1,15,63,'2024-07-06 05:58:40','2024-07-06 05:58:40'),(416,1,NULL,1,15,68,'2024-07-06 05:58:40','2024-07-06 05:58:40'),(417,1,NULL,1,15,70,'2024-07-06 05:58:40','2024-07-06 05:58:40'),(418,1,NULL,1,15,73,'2024-07-06 05:58:40','2024-07-06 05:58:40'),(419,0,NULL,1,15,78,'2024-07-06 05:58:40','2024-07-06 05:58:40'),(420,0,NULL,1,33,2,'2024-07-06 05:58:42','2024-07-06 05:58:42'),(421,1,NULL,1,33,6,'2024-07-06 05:58:42','2024-07-06 05:58:42'),(422,1,NULL,1,33,12,'2024-07-06 05:58:42','2024-07-06 05:58:42'),(423,0,NULL,1,33,14,'2024-07-06 05:58:42','2024-07-06 05:58:42'),(424,1,NULL,1,33,17,'2024-07-06 05:58:42','2024-07-06 05:58:42'),(425,0,NULL,1,33,22,'2024-07-06 05:58:42','2024-07-06 05:58:42'),(426,1,NULL,1,33,25,'2024-07-06 05:58:42','2024-07-06 05:58:42'),(427,0,NULL,1,33,32,'2024-07-06 05:58:42','2024-07-06 05:58:42'),(428,1,NULL,1,33,35,'2024-07-06 05:58:42','2024-07-06 05:58:42'),(429,0,NULL,1,33,37,'2024-07-06 05:58:42','2024-07-06 05:58:42'),(430,0,NULL,1,33,43,'2024-07-06 05:58:42','2024-07-06 05:58:42'),(431,0,NULL,1,33,47,'2024-07-06 05:58:42','2024-07-06 05:58:42'),(432,1,NULL,1,33,49,'2024-07-06 05:58:42','2024-07-06 05:58:42'),(433,0,NULL,1,33,54,'2024-07-06 05:58:42','2024-07-06 05:58:42'),(434,0,NULL,1,33,60,'2024-07-06 05:58:42','2024-07-06 05:58:42'),(435,1,NULL,1,33,63,'2024-07-06 05:58:42','2024-07-06 05:58:42'),(436,0,NULL,1,33,67,'2024-07-06 05:58:42','2024-07-06 05:58:42'),(437,1,NULL,1,33,70,'2024-07-06 05:58:42','2024-07-06 05:58:42'),(438,0,NULL,1,33,74,'2024-07-06 05:58:42','2024-07-06 05:58:42'),(439,0,NULL,1,33,78,'2024-07-06 05:58:42','2024-07-06 05:58:42'),(440,0,NULL,1,37,3,'2024-07-06 05:58:46','2024-07-06 05:58:46'),(441,0,NULL,1,16,2,'2024-07-06 06:00:04','2024-07-06 06:00:04'),(442,0,NULL,1,16,7,'2024-07-06 06:00:04','2024-07-06 06:00:04'),(443,1,NULL,1,16,12,'2024-07-06 06:00:04','2024-07-06 06:00:04'),(444,0,NULL,1,16,14,'2024-07-06 06:00:04','2024-07-06 06:00:04'),(445,0,NULL,1,16,19,'2024-07-06 06:00:04','2024-07-06 06:00:04'),(446,1,NULL,1,16,24,'2024-07-06 06:00:04','2024-07-06 06:00:04'),(447,1,NULL,1,16,25,'2024-07-06 06:00:04','2024-07-06 06:00:04'),(448,1,NULL,1,16,31,'2024-07-06 06:00:04','2024-07-06 06:00:04'),(449,1,NULL,1,16,35,'2024-07-06 06:00:04','2024-07-06 06:00:04'),(450,0,NULL,1,16,37,'2024-07-06 06:00:04','2024-07-06 06:00:04'),(451,0,NULL,1,16,43,'2024-07-06 06:00:04','2024-07-06 06:00:04'),(452,0,NULL,1,16,47,'2024-07-06 06:00:04','2024-07-06 06:00:04'),(453,1,NULL,1,16,49,'2024-07-06 06:00:04','2024-07-06 06:00:04'),(454,0,NULL,1,16,54,'2024-07-06 06:00:04','2024-07-06 06:00:04'),(455,1,NULL,1,16,59,'2024-07-06 06:00:04','2024-07-06 06:00:04'),(456,1,NULL,1,16,63,'2024-07-06 06:00:04','2024-07-06 06:00:04'),(457,1,NULL,1,16,68,'2024-07-06 06:00:04','2024-07-06 06:00:04'),(458,1,NULL,1,16,70,'2024-07-06 06:00:04','2024-07-06 06:00:04'),(459,1,NULL,1,16,73,'2024-07-06 06:00:04','2024-07-06 06:00:04'),(460,0,NULL,1,16,78,'2024-07-06 06:00:04','2024-07-06 06:00:04'),(461,1,NULL,1,14,4,'2024-07-06 06:00:20','2024-07-06 06:00:20'),(462,1,NULL,1,14,6,'2024-07-06 06:00:20','2024-07-06 06:00:20'),(463,1,NULL,1,14,12,'2024-07-06 06:00:20','2024-07-06 06:00:20'),(464,0,NULL,1,14,14,'2024-07-06 06:00:20','2024-07-06 06:00:20'),(465,1,NULL,1,14,17,'2024-07-06 06:00:20','2024-07-06 06:00:20'),(466,1,NULL,1,14,24,'2024-07-06 06:00:20','2024-07-06 06:00:20'),(467,1,NULL,1,14,25,'2024-07-06 06:00:20','2024-07-06 06:00:20'),(468,1,NULL,1,14,31,'2024-07-06 06:00:20','2024-07-06 06:00:20'),(469,1,NULL,1,14,35,'2024-07-06 06:00:20','2024-07-06 06:00:20'),(470,0,NULL,1,14,37,'2024-07-06 06:00:20','2024-07-06 06:00:20'),(471,1,NULL,1,14,41,'2024-07-06 06:00:20','2024-07-06 06:00:20'),(472,0,NULL,1,14,46,'2024-07-06 06:00:20','2024-07-06 06:00:20'),(473,1,NULL,1,14,49,'2024-07-06 06:00:20','2024-07-06 06:00:20'),(474,0,NULL,1,14,55,'2024-07-06 06:00:20','2024-07-06 06:00:20'),(475,0,NULL,1,14,60,'2024-07-06 06:00:20','2024-07-06 06:00:20'),(476,1,NULL,1,14,63,'2024-07-06 06:00:20','2024-07-06 06:00:20'),(477,1,NULL,1,14,68,'2024-07-06 06:00:20','2024-07-06 06:00:20'),(478,1,NULL,1,14,70,'2024-07-06 06:00:20','2024-07-06 06:00:20'),(479,1,NULL,1,14,73,'2024-07-06 06:00:20','2024-07-06 06:00:20'),(480,0,NULL,1,14,80,'2024-07-06 06:00:20','2024-07-06 06:00:20'),(481,1,NULL,1,8,4,'2024-07-06 06:00:23','2024-07-06 06:00:23'),(482,0,NULL,1,8,8,'2024-07-06 06:00:23','2024-07-06 06:00:23'),(483,1,NULL,1,8,12,'2024-07-06 06:00:23','2024-07-06 06:00:23'),(484,0,NULL,1,8,16,'2024-07-06 06:00:23','2024-07-06 06:00:23'),(485,1,NULL,1,8,17,'2024-07-06 06:00:23','2024-07-06 06:00:23'),(486,1,NULL,1,8,24,'2024-07-06 06:00:23','2024-07-06 06:00:23'),(487,0,NULL,1,8,28,'2024-07-06 06:00:23','2024-07-06 06:00:23'),(488,1,NULL,1,8,31,'2024-07-06 06:00:23','2024-07-06 06:00:23'),(489,1,NULL,1,8,35,'2024-07-06 06:00:23','2024-07-06 06:00:23'),(490,0,NULL,1,8,40,'2024-07-06 06:00:23','2024-07-06 06:00:23'),(491,0,NULL,1,8,42,'2024-07-06 06:00:23','2024-07-06 06:00:23'),(492,0,NULL,1,8,47,'2024-07-06 06:00:23','2024-07-06 06:00:23'),(493,1,NULL,1,8,49,'2024-07-06 06:00:23','2024-07-06 06:00:23'),(494,1,NULL,1,8,56,'2024-07-06 06:00:23','2024-07-06 06:00:23'),(495,1,NULL,1,8,59,'2024-07-06 06:00:23','2024-07-06 06:00:23'),(496,0,NULL,1,8,61,'2024-07-06 06:00:23','2024-07-06 06:00:23'),(497,1,NULL,1,8,68,'2024-07-06 06:00:23','2024-07-06 06:00:23'),(498,1,NULL,1,8,70,'2024-07-06 06:00:23','2024-07-06 06:00:23'),(499,1,NULL,1,8,73,'2024-07-06 06:00:23','2024-07-06 06:00:23'),(500,0,NULL,1,8,80,'2024-07-06 06:00:23','2024-07-06 06:00:23'),(501,1,NULL,1,36,4,'2024-07-06 06:00:27','2024-07-06 06:00:27'),(502,0,NULL,1,36,8,'2024-07-06 06:00:27','2024-07-06 06:00:27'),(503,1,NULL,1,36,12,'2024-07-06 06:00:27','2024-07-06 06:00:27'),(504,1,NULL,1,36,15,'2024-07-06 06:00:27','2024-07-06 06:00:27'),(505,1,NULL,1,36,17,'2024-07-06 06:00:27','2024-07-06 06:00:27'),(506,1,NULL,1,36,24,'2024-07-06 06:00:27','2024-07-06 06:00:27'),(507,1,NULL,1,36,25,'2024-07-06 06:00:27','2024-07-06 06:00:27'),(508,1,NULL,1,36,31,'2024-07-06 06:00:27','2024-07-06 06:00:27'),(509,1,NULL,1,36,35,'2024-07-06 06:00:27','2024-07-06 06:00:27'),(510,1,NULL,1,36,39,'2024-07-06 06:00:27','2024-07-06 06:00:27'),(511,0,NULL,1,36,43,'2024-07-06 06:00:27','2024-07-06 06:00:27'),(512,1,NULL,1,36,45,'2024-07-06 06:00:27','2024-07-06 06:00:27'),(513,1,NULL,1,36,49,'2024-07-06 06:00:27','2024-07-06 06:00:27'),(514,0,NULL,1,36,54,'2024-07-06 06:00:27','2024-07-06 06:00:27'),(515,1,NULL,1,36,59,'2024-07-06 06:00:27','2024-07-06 06:00:27'),(516,1,NULL,1,36,63,'2024-07-06 06:00:27','2024-07-06 06:00:27'),(517,1,NULL,1,36,68,'2024-07-06 06:00:27','2024-07-06 06:00:27'),(518,1,NULL,1,36,70,'2024-07-06 06:00:27','2024-07-06 06:00:27'),(519,1,NULL,1,36,73,'2024-07-06 06:00:27','2024-07-06 06:00:27'),(520,1,NULL,1,36,77,'2024-07-06 06:00:27','2024-07-06 06:00:27'),(521,1,NULL,1,34,4,'2024-07-06 06:00:27','2024-07-06 06:00:27'),(522,0,NULL,1,34,8,'2024-07-06 06:00:27','2024-07-06 06:00:27'),(523,1,NULL,1,34,12,'2024-07-06 06:00:27','2024-07-06 06:00:27'),(524,0,NULL,1,34,16,'2024-07-06 06:00:27','2024-07-06 06:00:27'),(525,1,NULL,1,34,17,'2024-07-06 06:00:27','2024-07-06 06:00:27'),(526,1,NULL,1,34,24,'2024-07-06 06:00:27','2024-07-06 06:00:27'),(527,0,NULL,1,34,28,'2024-07-06 06:00:27','2024-07-06 06:00:27'),(528,1,NULL,1,34,31,'2024-07-06 06:00:27','2024-07-06 06:00:27'),(529,1,NULL,1,34,35,'2024-07-06 06:00:27','2024-07-06 06:00:27'),(530,0,NULL,1,34,40,'2024-07-06 06:00:27','2024-07-06 06:00:27'),(531,0,NULL,1,34,42,'2024-07-06 06:00:27','2024-07-06 06:00:27'),(532,0,NULL,1,34,47,'2024-07-06 06:00:27','2024-07-06 06:00:27'),(533,1,NULL,1,34,49,'2024-07-06 06:00:27','2024-07-06 06:00:27'),(534,1,NULL,1,34,56,'2024-07-06 06:00:27','2024-07-06 06:00:27'),(535,1,NULL,1,34,59,'2024-07-06 06:00:27','2024-07-06 06:00:27'),(536,0,NULL,1,34,61,'2024-07-06 06:00:27','2024-07-06 06:00:27'),(537,1,NULL,1,34,68,'2024-07-06 06:00:27','2024-07-06 06:00:27'),(538,1,NULL,1,34,70,'2024-07-06 06:00:27','2024-07-06 06:00:27'),(539,1,NULL,1,34,73,'2024-07-06 06:00:27','2024-07-06 06:00:27'),(540,0,NULL,1,34,80,'2024-07-06 06:00:27','2024-07-06 06:00:27'),(541,0,NULL,1,24,2,'2024-07-06 06:00:59','2024-07-06 06:00:59'),(542,0,NULL,1,24,7,'2024-07-06 06:00:59','2024-07-06 06:00:59'),(543,0,NULL,1,24,9,'2024-07-06 06:00:59','2024-07-06 06:00:59'),(544,0,NULL,1,24,14,'2024-07-06 06:00:59','2024-07-06 06:00:59'),(545,1,NULL,1,24,17,'2024-07-06 06:00:59','2024-07-06 06:00:59'),(546,1,NULL,1,24,24,'2024-07-06 06:00:59','2024-07-06 06:00:59'),(547,1,NULL,1,24,25,'2024-07-06 06:00:59','2024-07-06 06:00:59'),(548,1,NULL,1,24,31,'2024-07-06 06:00:59','2024-07-06 06:00:59'),(549,1,NULL,1,24,35,'2024-07-06 06:00:59','2024-07-06 06:00:59'),(550,0,NULL,1,24,37,'2024-07-06 06:00:59','2024-07-06 06:00:59'),(551,0,NULL,1,24,42,'2024-07-06 06:00:59','2024-07-06 06:00:59'),(552,0,NULL,1,24,47,'2024-07-06 06:00:59','2024-07-06 06:00:59'),(553,1,NULL,1,24,49,'2024-07-06 06:00:59','2024-07-06 06:00:59'),(554,0,NULL,1,24,54,'2024-07-06 06:00:59','2024-07-06 06:00:59'),(555,1,NULL,1,24,59,'2024-07-06 06:00:59','2024-07-06 06:00:59'),(556,1,NULL,1,35,4,'2024-07-06 06:01:17','2024-07-06 06:01:17'),(557,1,NULL,1,35,6,'2024-07-06 06:01:17','2024-07-06 06:01:17'),(558,1,NULL,1,35,12,'2024-07-06 06:01:17','2024-07-06 06:01:17'),(559,1,NULL,1,35,15,'2024-07-06 06:01:17','2024-07-06 06:01:17'),(560,1,NULL,1,35,17,'2024-07-06 06:01:17','2024-07-06 06:01:17'),(561,1,NULL,1,35,24,'2024-07-06 06:01:17','2024-07-06 06:01:17'),(562,1,NULL,1,35,25,'2024-07-06 06:01:17','2024-07-06 06:01:17'),(563,0,NULL,1,35,32,'2024-07-06 06:01:17','2024-07-06 06:01:17'),(564,1,NULL,1,35,35,'2024-07-06 06:01:17','2024-07-06 06:01:17'),(565,0,NULL,1,35,37,'2024-07-06 06:01:17','2024-07-06 06:01:17'),(566,1,NULL,1,35,41,'2024-07-06 06:01:17','2024-07-06 06:01:17'),(567,0,NULL,1,35,46,'2024-07-06 06:01:17','2024-07-06 06:01:17'),(568,1,NULL,1,35,49,'2024-07-06 06:01:17','2024-07-06 06:01:17'),(569,0,NULL,1,35,54,'2024-07-06 06:01:17','2024-07-06 06:01:17'),(570,0,NULL,1,35,60,'2024-07-06 06:01:17','2024-07-06 06:01:17'),(571,0,NULL,1,35,61,'2024-07-06 06:01:17','2024-07-06 06:01:17'),(572,1,NULL,1,35,68,'2024-07-06 06:01:17','2024-07-06 06:01:17'),(573,1,NULL,1,35,70,'2024-07-06 06:01:17','2024-07-06 06:01:17'),(574,1,NULL,1,35,73,'2024-07-06 06:01:17','2024-07-06 06:01:17'),(575,0,NULL,1,35,78,'2024-07-06 06:01:17','2024-07-06 06:01:17'),(576,1,NULL,1,11,4,'2024-07-06 06:01:34','2024-07-06 06:01:34'),(577,1,NULL,1,11,6,'2024-07-06 06:01:34','2024-07-06 06:01:34'),(578,1,NULL,1,11,12,'2024-07-06 06:01:34','2024-07-06 06:01:34'),(579,0,NULL,1,11,14,'2024-07-06 06:01:34','2024-07-06 06:01:34'),(580,0,NULL,1,11,19,'2024-07-06 06:01:34','2024-07-06 06:01:34'),(581,1,NULL,1,11,24,'2024-07-06 06:01:34','2024-07-06 06:01:34'),(582,1,NULL,1,11,25,'2024-07-06 06:01:34','2024-07-06 06:01:34'),(583,1,NULL,1,11,31,'2024-07-06 06:01:34','2024-07-06 06:01:34'),(584,1,NULL,1,11,35,'2024-07-06 06:01:34','2024-07-06 06:01:34'),(585,0,NULL,1,11,37,'2024-07-06 06:01:34','2024-07-06 06:01:34'),(586,0,NULL,1,11,43,'2024-07-06 06:01:34','2024-07-06 06:01:34'),(587,0,NULL,1,11,47,'2024-07-06 06:01:34','2024-07-06 06:01:34'),(588,1,NULL,1,11,49,'2024-07-06 06:01:34','2024-07-06 06:01:34'),(589,0,NULL,1,11,54,'2024-07-06 06:01:34','2024-07-06 06:01:34'),(590,1,NULL,1,11,59,'2024-07-06 06:01:34','2024-07-06 06:01:34'),(591,1,NULL,1,11,63,'2024-07-06 06:01:34','2024-07-06 06:01:34'),(592,1,NULL,1,11,68,'2024-07-06 06:01:34','2024-07-06 06:01:34'),(593,1,NULL,1,11,70,'2024-07-06 06:01:34','2024-07-06 06:01:34'),(594,1,NULL,1,11,73,'2024-07-06 06:01:34','2024-07-06 06:01:34'),(595,0,NULL,1,11,78,'2024-07-06 06:01:34','2024-07-06 06:01:34'),(596,1,NULL,1,19,4,'2024-07-06 06:01:38','2024-07-06 06:01:38'),(597,0,NULL,1,19,8,'2024-07-06 06:01:38','2024-07-06 06:01:38'),(598,1,NULL,1,19,12,'2024-07-06 06:01:38','2024-07-06 06:01:38'),(599,1,NULL,1,19,15,'2024-07-06 06:01:38','2024-07-06 06:01:38'),(600,1,NULL,1,19,17,'2024-07-06 06:01:38','2024-07-06 06:01:38'),(601,1,NULL,1,19,24,'2024-07-06 06:01:38','2024-07-06 06:01:38'),(602,1,NULL,1,19,25,'2024-07-06 06:01:38','2024-07-06 06:01:38'),(603,1,NULL,1,19,31,'2024-07-06 06:01:38','2024-07-06 06:01:38'),(604,1,NULL,1,19,35,'2024-07-06 06:01:38','2024-07-06 06:01:38'),(605,0,NULL,1,19,37,'2024-07-06 06:01:38','2024-07-06 06:01:38'),(606,1,NULL,1,19,41,'2024-07-06 06:01:38','2024-07-06 06:01:38'),(607,0,NULL,1,19,46,'2024-07-06 06:01:38','2024-07-06 06:01:38'),(608,1,NULL,1,19,49,'2024-07-06 06:01:38','2024-07-06 06:01:38'),(609,1,NULL,1,19,56,'2024-07-06 06:01:38','2024-07-06 06:01:38'),(610,1,NULL,1,19,59,'2024-07-06 06:01:38','2024-07-06 06:01:38'),(611,1,NULL,1,19,63,'2024-07-06 06:01:38','2024-07-06 06:01:38'),(612,1,NULL,1,19,68,'2024-07-06 06:01:38','2024-07-06 06:01:38'),(613,1,NULL,1,19,70,'2024-07-06 06:01:38','2024-07-06 06:01:38'),(614,1,NULL,1,19,73,'2024-07-06 06:01:38','2024-07-06 06:01:38'),(615,1,NULL,1,19,77,'2024-07-06 06:01:38','2024-07-06 06:01:38'),(616,1,NULL,1,20,4,'2024-07-06 06:01:56','2024-07-06 06:01:56'),(617,0,NULL,1,20,5,'2024-07-06 06:01:56','2024-07-06 06:01:56'),(618,1,NULL,1,20,12,'2024-07-06 06:01:56','2024-07-06 06:01:56'),(619,0,NULL,1,20,13,'2024-07-06 06:01:56','2024-07-06 06:01:56'),(620,1,NULL,1,20,17,'2024-07-06 06:01:56','2024-07-06 06:01:56'),(621,1,NULL,1,20,24,'2024-07-06 06:01:56','2024-07-06 06:01:56'),(622,1,NULL,1,20,25,'2024-07-06 06:01:56','2024-07-06 06:01:56'),(623,1,NULL,1,20,31,'2024-07-06 06:01:56','2024-07-06 06:01:56'),(624,1,NULL,1,20,35,'2024-07-06 06:01:56','2024-07-06 06:01:56'),(625,0,NULL,1,20,38,'2024-07-06 06:01:56','2024-07-06 06:01:56'),(626,0,NULL,1,20,42,'2024-07-06 06:01:56','2024-07-06 06:01:56'),(627,0,NULL,1,20,46,'2024-07-06 06:01:56','2024-07-06 06:01:56'),(628,1,NULL,1,20,49,'2024-07-06 06:01:56','2024-07-06 06:01:56'),(629,0,NULL,1,20,54,'2024-07-06 06:01:56','2024-07-06 06:01:56'),(630,0,NULL,1,20,60,'2024-07-06 06:01:56','2024-07-06 06:01:56'),(631,1,NULL,1,20,63,'2024-07-06 06:01:56','2024-07-06 06:01:56'),(632,1,NULL,1,20,68,'2024-07-06 06:01:56','2024-07-06 06:01:56'),(633,0,NULL,1,20,69,'2024-07-06 06:01:56','2024-07-06 06:01:56'),(634,0,NULL,1,20,74,'2024-07-06 06:01:56','2024-07-06 06:01:56'),(635,0,NULL,1,20,78,'2024-07-06 06:01:56','2024-07-06 06:01:56'),(636,1,NULL,1,12,4,'2024-07-06 06:02:14','2024-07-06 06:02:14'),(637,0,NULL,1,12,8,'2024-07-06 06:02:14','2024-07-06 06:02:14'),(638,1,NULL,1,12,12,'2024-07-06 06:02:14','2024-07-06 06:02:14'),(639,1,NULL,1,12,15,'2024-07-06 06:02:14','2024-07-06 06:02:14'),(640,1,NULL,1,12,17,'2024-07-06 06:02:14','2024-07-06 06:02:14'),(641,1,NULL,1,12,24,'2024-07-06 06:02:14','2024-07-06 06:02:14'),(642,1,NULL,1,12,25,'2024-07-06 06:02:14','2024-07-06 06:02:14'),(643,1,NULL,1,12,31,'2024-07-06 06:02:14','2024-07-06 06:02:14'),(644,1,NULL,1,12,35,'2024-07-06 06:02:14','2024-07-06 06:02:14'),(645,0,NULL,1,12,37,'2024-07-06 06:02:14','2024-07-06 06:02:14'),(646,1,NULL,1,12,41,'2024-07-06 06:02:14','2024-07-06 06:02:14'),(647,0,NULL,1,12,46,'2024-07-06 06:02:14','2024-07-06 06:02:14'),(648,1,NULL,1,12,49,'2024-07-06 06:02:14','2024-07-06 06:02:14'),(649,1,NULL,1,12,56,'2024-07-06 06:02:14','2024-07-06 06:02:14'),(650,1,NULL,1,12,59,'2024-07-06 06:02:14','2024-07-06 06:02:14'),(651,1,NULL,1,12,63,'2024-07-06 06:02:14','2024-07-06 06:02:14'),(652,1,NULL,1,12,68,'2024-07-06 06:02:14','2024-07-06 06:02:14'),(653,1,NULL,1,12,70,'2024-07-06 06:02:14','2024-07-06 06:02:14'),(654,1,NULL,1,12,73,'2024-07-06 06:02:14','2024-07-06 06:02:14'),(655,1,NULL,1,12,77,'2024-07-06 06:02:14','2024-07-06 06:02:14'),(656,1,NULL,1,12,77,'2024-07-06 06:02:14','2024-07-06 06:02:14'),(657,1,NULL,1,29,4,'2024-07-06 06:02:39','2024-07-06 06:02:39'),(658,0,NULL,1,29,7,'2024-07-06 06:02:39','2024-07-06 06:02:39'),(659,1,NULL,1,29,12,'2024-07-06 06:02:39','2024-07-06 06:02:39'),(660,1,NULL,1,29,15,'2024-07-06 06:02:39','2024-07-06 06:02:39'),(661,1,NULL,1,29,17,'2024-07-06 06:02:39','2024-07-06 06:02:39'),(662,1,NULL,1,29,24,'2024-07-06 06:02:39','2024-07-06 06:02:39'),(663,1,NULL,1,29,25,'2024-07-06 06:02:39','2024-07-06 06:02:39'),(664,1,NULL,1,29,31,'2024-07-06 06:02:39','2024-07-06 06:02:39'),(665,1,NULL,1,29,35,'2024-07-06 06:02:39','2024-07-06 06:02:39'),(666,1,NULL,1,29,39,'2024-07-06 06:02:39','2024-07-06 06:02:39'),(667,1,NULL,1,29,41,'2024-07-06 06:02:39','2024-07-06 06:02:39'),(668,0,NULL,1,29,46,'2024-07-06 06:02:39','2024-07-06 06:02:39'),(669,1,NULL,1,29,49,'2024-07-06 06:02:39','2024-07-06 06:02:39'),(670,0,NULL,1,29,54,'2024-07-06 06:02:39','2024-07-06 06:02:39'),(671,1,NULL,1,29,59,'2024-07-06 06:02:39','2024-07-06 06:02:39'),(672,0,NULL,1,29,61,'2024-07-06 06:02:39','2024-07-06 06:02:39'),(673,0,NULL,1,29,65,'2024-07-06 06:02:39','2024-07-06 06:02:39'),(674,0,NULL,1,29,69,'2024-07-06 06:02:39','2024-07-06 06:02:39'),(675,1,NULL,1,29,73,'2024-07-06 06:02:39','2024-07-06 06:02:39'),(676,1,NULL,1,29,77,'2024-07-06 06:02:39','2024-07-06 06:02:39'),(677,1,NULL,1,31,4,'2024-07-06 06:03:33','2024-07-06 06:03:33'),(678,0,NULL,1,31,5,'2024-07-06 06:03:33','2024-07-06 06:03:33'),(679,1,NULL,1,31,12,'2024-07-06 06:03:33','2024-07-06 06:03:33'),(680,1,NULL,1,31,15,'2024-07-06 06:03:33','2024-07-06 06:03:33'),(681,1,NULL,1,31,17,'2024-07-06 06:03:33','2024-07-06 06:03:33'),(682,1,NULL,1,31,24,'2024-07-06 06:03:33','2024-07-06 06:03:33'),(683,1,NULL,1,31,25,'2024-07-06 06:03:33','2024-07-06 06:03:33'),(684,1,NULL,1,31,31,'2024-07-06 06:03:33','2024-07-06 06:03:33'),(685,1,NULL,1,31,35,'2024-07-06 06:03:33','2024-07-06 06:03:33'),(686,0,NULL,1,31,37,'2024-07-06 06:03:33','2024-07-06 06:03:33'),(687,0,NULL,1,31,43,'2024-07-06 06:03:33','2024-07-06 06:03:33'),(688,0,NULL,1,31,46,'2024-07-06 06:03:33','2024-07-06 06:03:33'),(689,1,NULL,1,31,49,'2024-07-06 06:03:33','2024-07-06 06:03:33'),(690,0,NULL,1,31,54,'2024-07-06 06:03:33','2024-07-06 06:03:33'),(691,1,NULL,1,31,59,'2024-07-06 06:03:33','2024-07-06 06:03:33'),(692,0,NULL,1,31,62,'2024-07-06 06:03:33','2024-07-06 06:03:33'),(693,0,NULL,1,31,65,'2024-07-06 06:03:33','2024-07-06 06:03:33'),(694,1,NULL,1,31,70,'2024-07-06 06:03:33','2024-07-06 06:03:33'),(695,1,NULL,1,31,73,'2024-07-06 06:03:33','2024-07-06 06:03:33'),(696,1,NULL,1,31,77,'2024-07-06 06:03:33','2024-07-06 06:03:33'),(697,0,NULL,1,24,3,'2024-07-06 06:03:52','2024-07-06 06:03:52'),(698,0,NULL,1,24,5,'2024-07-06 06:03:52','2024-07-06 06:03:52'),(699,0,NULL,1,24,9,'2024-07-06 06:03:52','2024-07-06 06:03:52'),(700,0,NULL,1,24,13,'2024-07-06 06:03:52','2024-07-06 06:03:52'),(701,1,NULL,1,24,17,'2024-07-06 06:03:52','2024-07-06 06:03:52'),(702,1,NULL,1,24,24,'2024-07-06 06:03:52','2024-07-06 06:03:52'),(703,1,NULL,1,24,25,'2024-07-06 06:03:52','2024-07-06 06:03:52'),(704,1,NULL,1,24,31,'2024-07-06 06:03:52','2024-07-06 06:03:52'),(705,0,NULL,1,24,33,'2024-07-06 06:03:52','2024-07-06 06:03:52'),(706,1,NULL,1,24,39,'2024-07-06 06:03:52','2024-07-06 06:03:52'),(707,0,NULL,1,24,43,'2024-07-06 06:03:52','2024-07-06 06:03:52'),(708,1,NULL,1,24,45,'2024-07-06 06:03:52','2024-07-06 06:03:52'),(709,1,NULL,1,24,49,'2024-07-06 06:03:52','2024-07-06 06:03:52'),(710,0,NULL,1,24,54,'2024-07-06 06:03:52','2024-07-06 06:03:52'),(711,1,NULL,1,24,59,'2024-07-06 06:03:52','2024-07-06 06:03:52'),(712,0,NULL,1,24,61,'2024-07-06 06:03:52','2024-07-06 06:03:52'),(713,0,NULL,1,24,66,'2024-07-06 06:03:52','2024-07-06 06:03:52'),(714,1,NULL,1,24,70,'2024-07-06 06:03:52','2024-07-06 06:03:52'),(715,1,NULL,1,24,73,'2024-07-06 06:03:52','2024-07-06 06:03:52'),(716,1,NULL,1,24,77,'2024-07-06 06:03:52','2024-07-06 06:03:52'),(717,1,NULL,1,24,77,'2024-07-06 06:03:52','2024-07-06 06:03:52'),(718,0,NULL,1,37,3,'2024-07-06 06:04:16','2024-07-06 06:04:16');
/*!40000 ALTER TABLE `candidate_answers` ENABLE KEYS */;
UNLOCK TABLES;

--
-- Table structure for table `candidate_notes`
--

DROP TABLE IF EXISTS `candidate_notes`;
/*!40101 SET @saved_cs_client     = @@character_set_client */;
/*!50503 SET character_set_client = utf8mb4 */;
CREATE TABLE `candidate_notes` (
  `id` bigint unsigned NOT NULL AUTO_INCREMENT,
  `note` int DEFAULT NULL,
  `interim_note` int DEFAULT NULL,
  `interview_id` bigint unsigned NOT NULL,
  `candidate_id` bigint unsigned NOT NULL,
  `created_at` timestamp NULL DEFAULT NULL,
  `updated_at` timestamp NULL DEFAULT NULL,
  PRIMARY KEY (`id`),
  KEY `candidate_notes_interview_id_foreign` (`interview_id`),
  KEY `candidate_notes_candidate_id_foreign` (`candidate_id`),
  CONSTRAINT `candidate_notes_candidate_id_foreign` FOREIGN KEY (`candidate_id`) REFERENCES `candidates` (`id`) ON DELETE CASCADE,
  CONSTRAINT `candidate_notes_interview_id_foreign` FOREIGN KEY (`interview_id`) REFERENCES `interviews` (`id`) ON DELETE CASCADE
) ENGINE=InnoDB AUTO_INCREMENT=86 DEFAULT CHARSET=utf8mb4 COLLATE=utf8mb4_unicode_ci;
/*!40101 SET character_set_client = @saved_cs_client */;

--
-- Dumping data for table `candidate_notes`
--

LOCK TABLES `candidate_notes` WRITE;
/*!40000 ALTER TABLE `candidate_notes` DISABLE KEYS */;
INSERT INTO `candidate_notes` VALUES (1,NULL,5,1,6,'2024-05-31 03:15:57','2024-05-31 03:15:57'),(2,NULL,0,1,5,'2024-05-31 03:17:01','2024-05-31 03:17:01'),(3,NULL,0,1,6,'2024-05-31 03:17:43','2024-05-31 03:17:43'),(4,NULL,0,1,7,'2024-05-31 03:38:04','2024-05-31 03:38:04'),(5,NULL,0,1,7,'2024-05-31 03:38:08','2024-05-31 03:38:08'),(6,NULL,0,1,27,'2024-07-06 05:40:38','2024-07-06 05:40:38'),(7,NULL,0,1,27,'2024-07-06 05:42:28','2024-07-06 05:42:28'),(8,NULL,0,1,21,'2024-07-06 05:47:23','2024-07-06 05:47:23'),(9,NULL,0,1,21,'2024-07-06 05:47:37','2024-07-06 05:47:37'),(10,NULL,1,1,29,'2024-07-06 05:47:51','2024-07-06 05:47:51'),(11,NULL,0,1,21,'2024-07-06 05:47:52','2024-07-06 05:47:52'),(12,NULL,0,1,29,'2024-07-06 05:48:01','2024-07-06 05:48:01'),(13,NULL,0,1,21,'2024-07-06 05:48:07','2024-07-06 05:48:07'),(14,NULL,0,1,21,'2024-07-06 05:48:23','2024-07-06 05:48:23'),(15,NULL,0,1,24,'2024-07-06 05:48:35','2024-07-06 05:48:35'),(16,NULL,0,1,21,'2024-07-06 05:48:38','2024-07-06 05:48:38'),(17,NULL,0,1,21,'2024-07-06 05:49:23','2024-07-06 05:49:23'),(18,NULL,0,1,24,'2024-07-06 05:49:23','2024-07-06 05:49:23'),(19,NULL,3,1,16,'2024-07-06 05:49:27','2024-07-06 05:49:27'),(20,NULL,3,1,29,'2024-07-06 05:49:28','2024-07-06 05:49:28'),(21,NULL,0,1,29,'2024-07-06 05:49:31','2024-07-06 05:49:31'),(22,NULL,0,1,16,'2024-07-06 05:49:32','2024-07-06 05:49:32'),(23,NULL,0,1,21,'2024-07-06 05:49:38','2024-07-06 05:49:38'),(24,NULL,0,1,21,'2024-07-06 05:49:53','2024-07-06 05:49:53'),(25,NULL,0,1,21,'2024-07-06 05:50:08','2024-07-06 05:50:08'),(26,NULL,3,1,33,'2024-07-06 05:50:17','2024-07-06 05:50:17'),(27,NULL,0,1,21,'2024-07-06 05:50:39','2024-07-06 05:50:39'),(28,NULL,13,1,27,'2024-07-06 05:51:02','2024-07-06 05:51:02'),(29,NULL,13,1,28,'2024-07-06 05:51:02','2024-07-06 05:51:02'),(30,NULL,14,1,26,'2024-07-06 05:51:06','2024-07-06 05:51:06'),(31,NULL,3,1,35,'2024-07-06 05:51:15','2024-07-06 05:51:15'),(32,NULL,0,1,35,'2024-07-06 05:51:17','2024-07-06 05:51:17'),(33,NULL,1,1,21,'2024-07-06 05:51:43','2024-07-06 05:51:43'),(34,NULL,0,1,21,'2024-07-06 05:51:53','2024-07-06 05:51:53'),(35,NULL,0,1,24,'2024-07-06 05:51:54','2024-07-06 05:51:54'),(36,NULL,0,1,16,'2024-07-06 05:52:08','2024-07-06 05:52:08'),(37,NULL,0,1,21,'2024-07-06 05:52:23','2024-07-06 05:52:23'),(38,NULL,0,1,21,'2024-07-06 05:52:38','2024-07-06 05:52:38'),(39,NULL,0,1,26,'2024-07-06 05:52:51','2024-07-06 05:52:51'),(40,NULL,0,1,21,'2024-07-06 05:52:53','2024-07-06 05:52:53'),(41,NULL,11,1,9,'2024-07-06 05:52:57','2024-07-06 05:52:57'),(42,NULL,9,1,14,'2024-07-06 05:53:00','2024-07-06 05:53:00'),(43,NULL,11,1,30,'2024-07-06 05:53:15','2024-07-06 05:53:15'),(44,NULL,3,1,20,'2024-07-06 05:54:10','2024-07-06 05:54:10'),(45,NULL,13,1,29,'2024-07-06 05:54:10','2024-07-06 05:54:10'),(46,NULL,13,1,23,'2024-07-06 05:54:20','2024-07-06 05:54:20'),(47,NULL,1,1,21,'2024-07-06 05:54:24','2024-07-06 05:54:24'),(48,NULL,0,1,9,'2024-07-06 05:54:25','2024-07-06 05:54:25'),(49,NULL,12,1,22,'2024-07-06 05:54:28','2024-07-06 05:54:28'),(50,NULL,0,1,21,'2024-07-06 05:54:54','2024-07-06 05:54:54'),(51,NULL,0,1,23,'2024-07-06 05:54:56','2024-07-06 05:54:56'),(52,NULL,1,1,21,'2024-07-06 05:55:24','2024-07-06 05:55:24'),(53,NULL,12,1,10,'2024-07-06 05:55:34','2024-07-06 05:55:34'),(54,NULL,13,1,18,'2024-07-06 05:55:46','2024-07-06 05:55:46'),(55,NULL,13,1,13,'2024-07-06 05:55:51','2024-07-06 05:55:51'),(56,NULL,14,1,32,'2024-07-06 05:56:19','2024-07-06 05:56:19'),(57,NULL,2,1,21,'2024-07-06 05:56:39','2024-07-06 05:56:39'),(58,NULL,12,1,17,'2024-07-06 05:56:48','2024-07-06 05:56:48'),(59,NULL,0,1,21,'2024-07-06 05:56:54','2024-07-06 05:56:54'),(60,NULL,14,1,23,'2024-07-06 05:57:07','2024-07-06 05:57:07'),(61,NULL,13,1,25,'2024-07-06 05:57:31','2024-07-06 05:57:31'),(62,NULL,0,1,13,'2024-07-06 05:58:40','2024-07-06 05:58:40'),(63,NULL,10,1,15,'2024-07-06 05:58:40','2024-07-06 05:58:40'),(64,NULL,8,1,33,'2024-07-06 05:58:42','2024-07-06 05:58:42'),(65,NULL,0,1,37,'2024-07-06 05:58:46','2024-07-06 05:58:46'),(66,NULL,0,1,33,'2024-07-06 05:59:07','2024-07-06 05:59:07'),(67,NULL,0,1,29,'2024-07-06 05:59:19','2024-07-06 05:59:19'),(68,NULL,11,1,16,'2024-07-06 06:00:04','2024-07-06 06:00:04'),(69,NULL,14,1,14,'2024-07-06 06:00:20','2024-07-06 06:00:20'),(70,NULL,12,1,8,'2024-07-06 06:00:23','2024-07-06 06:00:23'),(71,NULL,17,1,36,'2024-07-06 06:00:27','2024-07-06 06:00:27'),(72,NULL,12,1,34,'2024-07-06 06:00:27','2024-07-06 06:00:27'),(73,NULL,0,1,14,'2024-07-06 06:00:45','2024-07-06 06:00:45'),(74,NULL,0,1,14,'2024-07-06 06:00:50','2024-07-06 06:00:50'),(75,NULL,7,1,24,'2024-07-06 06:00:59','2024-07-06 06:00:59'),(76,NULL,0,1,24,'2024-07-06 06:01:01','2024-07-06 06:01:01'),(77,NULL,13,1,35,'2024-07-06 06:01:17','2024-07-06 06:01:17'),(78,NULL,13,1,11,'2024-07-06 06:01:34','2024-07-06 06:01:34'),(79,NULL,17,1,19,'2024-07-06 06:01:38','2024-07-06 06:01:38'),(80,NULL,10,1,20,'2024-07-06 06:01:56','2024-07-06 06:01:56'),(81,NULL,18,1,12,'2024-07-06 06:02:14','2024-07-06 06:02:14'),(82,NULL,14,1,29,'2024-07-06 06:02:39','2024-07-06 06:02:39'),(83,NULL,13,1,31,'2024-07-06 06:03:33','2024-07-06 06:03:33'),(84,NULL,12,1,24,'2024-07-06 06:03:52','2024-07-06 06:03:52'),(85,NULL,0,1,37,'2024-07-06 06:04:16','2024-07-06 06:04:16');
/*!40000 ALTER TABLE `candidate_notes` ENABLE KEYS */;
UNLOCK TABLES;

--
-- Table structure for table `candidates`
--

DROP TABLE IF EXISTS `candidates`;
/*!40101 SET @saved_cs_client     = @@character_set_client */;
/*!50503 SET character_set_client = utf8mb4 */;
CREATE TABLE `candidates` (
  `id` bigint unsigned NOT NULL AUTO_INCREMENT,
  `registration_number` varchar(10) CHARACTER SET utf8mb4 COLLATE utf8mb4_unicode_ci NOT NULL,
  `user_id` bigint unsigned NOT NULL,
  `post_id` bigint unsigned DEFAULT NULL,
  `status` enum('admitted','pending','failed') CHARACTER SET utf8mb4 COLLATE utf8mb4_unicode_ci DEFAULT 'pending',
  `gender` enum('masculine','feminine') CHARACTER SET utf8mb4 COLLATE utf8mb4_unicode_ci NOT NULL,
  `created_at` timestamp NULL DEFAULT NULL,
  `updated_at` timestamp NULL DEFAULT NULL,
  PRIMARY KEY (`id`),
  UNIQUE KEY `candidates_registration_number_unique` (`registration_number`),
  KEY `candidates_user_id_foreign` (`user_id`),
  KEY `candidates_post_id_foreign` (`post_id`),
  CONSTRAINT `candidates_post_id_foreign` FOREIGN KEY (`post_id`) REFERENCES `posts` (`id`) ON DELETE CASCADE,
  CONSTRAINT `candidates_user_id_foreign` FOREIGN KEY (`user_id`) REFERENCES `users` (`id`) ON DELETE CASCADE
) ENGINE=InnoDB AUTO_INCREMENT=38 DEFAULT CHARSET=utf8mb4 COLLATE=utf8mb4_unicode_ci;
/*!40101 SET character_set_client = @saved_cs_client */;

--
-- Dumping data for table `candidates`
--

LOCK TABLES `candidates` WRITE;
/*!40000 ALTER TABLE `candidates` DISABLE KEYS */;
INSERT INTO `candidates` VALUES (2,'ADMIN_123',2,NULL,'pending','feminine','2024-05-26 16:42:23','2024-05-26 16:42:23'),(5,'2310',5,1,'pending','masculine','2024-05-26 18:11:55','2024-05-26 18:11:55'),(6,'HF_2247',6,1,'pending','masculine','2024-05-31 03:14:21','2024-05-31 03:14:21'),(7,'HF_111',7,1,'pending','masculine','2024-05-31 03:35:21','2024-05-31 03:35:21'),(8,'HF_1124',8,1,'pending','masculine','2024-07-06 05:37:21','2024-07-06 05:37:21'),(9,'HF_3394',9,1,'pending','masculine','2024-07-06 05:37:22','2024-07-06 05:37:22'),(10,'2322',10,1,'pending','masculine','2024-07-06 05:37:23','2024-07-06 05:37:23'),(11,'3397',11,1,'pending','masculine','2024-07-06 05:37:29','2024-07-06 05:37:29'),(12,'3409',12,1,'pending','masculine','2024-07-06 05:37:30','2024-07-06 05:37:30'),(13,'HF_931',13,1,'pending','masculine','2024-07-06 05:37:31','2024-07-06 05:37:31'),(14,'3405',14,1,'pending','masculine','2024-07-06 05:37:39','2024-07-06 05:37:39'),(15,'3411',15,1,'pending','masculine','2024-07-06 05:37:45','2024-07-06 05:37:45'),(16,'3399',16,1,'pending','masculine','2024-07-06 05:37:48','2024-07-06 05:37:48'),(17,'HF_3434',17,1,'pending','masculine','2024-07-06 05:37:54','2024-07-06 05:37:54'),(18,'3410',18,1,'pending','masculine','2024-07-06 05:37:59','2024-07-06 05:37:59'),(19,'3408',19,1,'pending','masculine','2024-07-06 05:38:02','2024-07-06 05:38:02'),(20,'3429',20,1,'pending','masculine','2024-07-06 05:38:05','2024-07-06 05:38:05'),(21,'3444',21,1,'pending','masculine','2024-07-06 05:38:16','2024-07-06 05:38:16'),(22,'3396',22,1,'pending','masculine','2024-07-06 05:38:18','2024-07-06 05:38:18'),(23,'3404',23,1,'pending','masculine','2024-07-06 05:38:33','2024-07-06 05:38:33'),(24,'3416',24,1,'pending','masculine','2024-07-06 05:38:52','2024-07-06 05:38:52'),(25,'HF_1093',25,1,'pending','masculine','2024-07-06 05:38:58','2024-07-06 05:38:58'),(26,'HF_769',26,1,'pending','masculine','2024-07-06 05:39:24','2024-07-06 05:39:24'),(27,'2329',27,1,'pending','masculine','2024-07-06 05:39:43','2024-07-06 05:39:43'),(28,'HF_1047',28,1,'pending','masculine','2024-07-06 05:40:05','2024-07-06 05:40:05'),(29,'1045',29,1,'pending','masculine','2024-07-06 05:40:28','2024-07-06 05:40:28'),(30,'HF_2320',30,1,'pending','masculine','2024-07-06 05:41:34','2024-07-06 05:41:34'),(31,'3435',31,1,'pending','masculine','2024-07-06 05:41:43','2024-07-06 05:41:43'),(32,'HF_3402',32,1,'pending','masculine','2024-07-06 05:43:00','2024-07-06 05:43:00'),(33,'3436',33,1,'pending','masculine','2024-07-06 05:43:18','2024-07-06 05:43:18'),(34,'HF_1041',34,1,'pending','masculine','2024-07-06 05:44:14','2024-07-06 05:44:14'),(35,'3406',35,1,'pending','masculine','2024-07-06 05:45:54','2024-07-06 05:45:54'),(36,'3403',36,1,'pending','masculine','2024-07-06 05:47:01','2024-07-06 05:47:01'),(37,'HF_3430',37,1,'pending','masculine','2024-07-06 05:54:38','2024-07-06 05:54:38');
/*!40000 ALTER TABLE `candidates` ENABLE KEYS */;
UNLOCK TABLES;

--
-- Table structure for table `departments`
--

DROP TABLE IF EXISTS `departments`;
/*!40101 SET @saved_cs_client     = @@character_set_client */;
/*!50503 SET character_set_client = utf8mb4 */;
CREATE TABLE `departments` (
  `id` bigint unsigned NOT NULL AUTO_INCREMENT,
  `name` varchar(255) CHARACTER SET utf8mb4 COLLATE utf8mb4_unicode_ci NOT NULL,
  `created_at` timestamp NULL DEFAULT NULL,
  `updated_at` timestamp NULL DEFAULT NULL,
  PRIMARY KEY (`id`)
) ENGINE=InnoDB DEFAULT CHARSET=utf8mb4 COLLATE=utf8mb4_unicode_ci;
/*!40101 SET character_set_client = @saved_cs_client */;

--
-- Dumping data for table `departments`
--

LOCK TABLES `departments` WRITE;
/*!40000 ALTER TABLE `departments` DISABLE KEYS */;
/*!40000 ALTER TABLE `departments` ENABLE KEYS */;
UNLOCK TABLES;

--
-- Table structure for table `failed_jobs`
--

DROP TABLE IF EXISTS `failed_jobs`;
/*!40101 SET @saved_cs_client     = @@character_set_client */;
/*!50503 SET character_set_client = utf8mb4 */;
CREATE TABLE `failed_jobs` (
  `id` bigint unsigned NOT NULL AUTO_INCREMENT,
  `uuid` varchar(255) CHARACTER SET utf8mb4 COLLATE utf8mb4_unicode_ci NOT NULL,
  `connection` text CHARACTER SET utf8mb4 COLLATE utf8mb4_unicode_ci NOT NULL,
  `queue` text CHARACTER SET utf8mb4 COLLATE utf8mb4_unicode_ci NOT NULL,
  `payload` longtext CHARACTER SET utf8mb4 COLLATE utf8mb4_unicode_ci NOT NULL,
  `exception` longtext CHARACTER SET utf8mb4 COLLATE utf8mb4_unicode_ci NOT NULL,
  `failed_at` timestamp NOT NULL DEFAULT CURRENT_TIMESTAMP,
  PRIMARY KEY (`id`),
  UNIQUE KEY `failed_jobs_uuid_unique` (`uuid`)
) ENGINE=InnoDB DEFAULT CHARSET=utf8mb4 COLLATE=utf8mb4_unicode_ci;
/*!40101 SET character_set_client = @saved_cs_client */;

--
-- Dumping data for table `failed_jobs`
--

LOCK TABLES `failed_jobs` WRITE;
/*!40000 ALTER TABLE `failed_jobs` DISABLE KEYS */;
/*!40000 ALTER TABLE `failed_jobs` ENABLE KEYS */;
UNLOCK TABLES;

--
-- Table structure for table `interviews`
--

DROP TABLE IF EXISTS `interviews`;
/*!40101 SET @saved_cs_client     = @@character_set_client */;
/*!50503 SET character_set_client = utf8mb4 */;
CREATE TABLE `interviews` (
  `id` bigint unsigned NOT NULL AUTO_INCREMENT,
  `name` varchar(255) CHARACTER SET utf8mb4 COLLATE utf8mb4_unicode_ci NOT NULL,
  `start_date` datetime NOT NULL,
  `end_date` datetime NOT NULL,
  `time` time NOT NULL,
  `is_expired` tinyint(1) NOT NULL DEFAULT '0',
  `post_id` bigint unsigned NOT NULL,
  `subject_id` bigint unsigned NOT NULL,
  `created_at` timestamp NULL DEFAULT NULL,
  `updated_at` timestamp NULL DEFAULT NULL,
  PRIMARY KEY (`id`),
  KEY `interviews_post_id_foreign` (`post_id`),
  KEY `interviews_subject_id_foreign` (`subject_id`),
  CONSTRAINT `interviews_post_id_foreign` FOREIGN KEY (`post_id`) REFERENCES `posts` (`id`) ON DELETE CASCADE,
  CONSTRAINT `interviews_subject_id_foreign` FOREIGN KEY (`subject_id`) REFERENCES `subjects` (`id`) ON DELETE CASCADE
) ENGINE=InnoDB AUTO_INCREMENT=2 DEFAULT CHARSET=utf8mb4 COLLATE=utf8mb4_unicode_ci;
/*!40101 SET character_set_client = @saved_cs_client */;

--
-- Dumping data for table `interviews`
--

LOCK TABLES `interviews` WRITE;
/*!40000 ALTER TABLE `interviews` DISABLE KEYS */;
INSERT INTO `interviews` VALUES (1,'Test Android 1','2024-05-26 21:07:00','2024-05-26 21:30:00','00:30:00',0,1,1,'2024-05-26 18:07:43','2024-05-26 18:07:43');
/*!40000 ALTER TABLE `interviews` ENABLE KEYS */;
UNLOCK TABLES;

--
-- Table structure for table `migrations`
--

DROP TABLE IF EXISTS `migrations`;
/*!40101 SET @saved_cs_client     = @@character_set_client */;
/*!50503 SET character_set_client = utf8mb4 */;
CREATE TABLE `migrations` (
  `id` int unsigned NOT NULL AUTO_INCREMENT,
  `migration` varchar(255) CHARACTER SET utf8mb4 COLLATE utf8mb4_unicode_ci NOT NULL,
  `batch` int NOT NULL,
  PRIMARY KEY (`id`)
) ENGINE=InnoDB AUTO_INCREMENT=17 DEFAULT CHARSET=utf8mb4 COLLATE=utf8mb4_unicode_ci;
/*!40101 SET character_set_client = @saved_cs_client */;

--
-- Dumping data for table `migrations`
--

LOCK TABLES `migrations` WRITE;
/*!40000 ALTER TABLE `migrations` DISABLE KEYS */;
INSERT INTO `migrations` VALUES (1,'2014_10_12_000000_create_users_table',1),(2,'2014_10_12_100000_create_password_reset_tokens_table',1),(3,'2019_08_19_000000_create_failed_jobs_table',1),(4,'2019_12_14_000001_create_personal_access_tokens_table',1),(5,'2024_03_13_062851_add_fields_to_users',1),(6,'2024_03_13_063907_create_departments_table',1),(7,'2024_03_13_064416_create_recruiters_table',1),(8,'2024_03_13_070059_create_posts_table',1),(9,'2024_03_13_070826_create_candidates_table',1),(10,'2024_03_13_072843_create_questions_table',1),(11,'2024_03_13_073026_create_answers_table',1),(12,'2024_03_13_073244_create_subjects_table',1),(13,'2024_03_13_081532_create_interviews_table',1),(14,'2024_03_13_094950_create_candidate_answer_table',1),(15,'2024_03_18_052309_add_timestamps_to_question_subjects',1),(16,'2024_03_22_114528_create_candidate_notes_table',1);
/*!40000 ALTER TABLE `migrations` ENABLE KEYS */;
UNLOCK TABLES;

--
-- Table structure for table `password_reset_tokens`
--

DROP TABLE IF EXISTS `password_reset_tokens`;
/*!40101 SET @saved_cs_client     = @@character_set_client */;
/*!50503 SET character_set_client = utf8mb4 */;
CREATE TABLE `password_reset_tokens` (
  `email` varchar(255) CHARACTER SET utf8mb4 COLLATE utf8mb4_unicode_ci NOT NULL,
  `token` varchar(255) CHARACTER SET utf8mb4 COLLATE utf8mb4_unicode_ci NOT NULL,
  `created_at` timestamp NULL DEFAULT NULL,
  PRIMARY KEY (`email`)
) ENGINE=InnoDB DEFAULT CHARSET=utf8mb4 COLLATE=utf8mb4_unicode_ci;
/*!40101 SET character_set_client = @saved_cs_client */;

--
-- Dumping data for table `password_reset_tokens`
--

LOCK TABLES `password_reset_tokens` WRITE;
/*!40000 ALTER TABLE `password_reset_tokens` DISABLE KEYS */;
/*!40000 ALTER TABLE `password_reset_tokens` ENABLE KEYS */;
UNLOCK TABLES;

--
-- Table structure for table `personal_access_tokens`
--

DROP TABLE IF EXISTS `personal_access_tokens`;
/*!40101 SET @saved_cs_client     = @@character_set_client */;
/*!50503 SET character_set_client = utf8mb4 */;
CREATE TABLE `personal_access_tokens` (
  `id` bigint unsigned NOT NULL AUTO_INCREMENT,
  `tokenable_type` varchar(255) CHARACTER SET utf8mb4 COLLATE utf8mb4_unicode_ci NOT NULL,
  `tokenable_id` bigint unsigned NOT NULL,
  `name` varchar(255) CHARACTER SET utf8mb4 COLLATE utf8mb4_unicode_ci NOT NULL,
  `token` varchar(64) CHARACTER SET utf8mb4 COLLATE utf8mb4_unicode_ci NOT NULL,
  `abilities` text CHARACTER SET utf8mb4 COLLATE utf8mb4_unicode_ci,
  `last_used_at` timestamp NULL DEFAULT NULL,
  `expires_at` timestamp NULL DEFAULT NULL,
  `created_at` timestamp NULL DEFAULT NULL,
  `updated_at` timestamp NULL DEFAULT NULL,
  PRIMARY KEY (`id`),
  UNIQUE KEY `personal_access_tokens_token_unique` (`token`),
  KEY `personal_access_tokens_tokenable_type_tokenable_id_index` (`tokenable_type`,`tokenable_id`)
) ENGINE=InnoDB AUTO_INCREMENT=59 DEFAULT CHARSET=utf8mb4 COLLATE=utf8mb4_unicode_ci;
/*!40101 SET character_set_client = @saved_cs_client */;

--
-- Dumping data for table `personal_access_tokens`
--

LOCK TABLES `personal_access_tokens` WRITE;
/*!40000 ALTER TABLE `personal_access_tokens` DISABLE KEYS */;
INSERT INTO `personal_access_tokens` VALUES (4,'App\\Models\\User',2,'api-token','10089906ed8c812b6744e542d2cab5e62ef6abf6e87e8dca6dd05e6fc5819709','[\"*\"]',NULL,NULL,'2024-05-26 16:42:23','2024-05-26 16:42:23'),(5,'App\\Models\\User',3,'api-token','8c2869395a4165ce514800c055e2d1d62dd3efcc318886c27c840e829f03b038','[\"*\"]',NULL,NULL,'2024-05-26 18:03:12','2024-05-26 18:03:12'),(6,'App\\Models\\User',1,'api-token','f0bb0cd760558c5c4435ce996bde7951bc1111da68ed54a0604259520be4f361','[\"*\"]',NULL,NULL,'2024-05-26 18:03:41','2024-05-26 18:03:41'),(7,'App\\Models\\User',4,'api-token','a67bf69b82c377f226c01430bdad7b8d9b28669c80ab900a6547f1f1542ff849','[\"*\"]',NULL,NULL,'2024-05-26 18:03:59','2024-05-26 18:03:59'),(23,'App\\Models\\User',6,'api-token','0b02b6629bdc37200036a62e6e6b94a66703cfdd22e884b356d578085869608c','[\"*\"]','2024-05-31 03:17:43',NULL,'2024-05-31 03:14:21','2024-05-31 03:17:43'),(24,'App\\Models\\User',7,'api-token','57d29c19406ddb4227bb724e2239e58f1ce3460c9fc4328f54278ac245c69796','[\"*\"]','2024-05-31 03:38:08',NULL,'2024-05-31 03:35:21','2024-05-31 03:38:08'),(26,'App\\Models\\User',8,'api-token','bb37b0fcce727d7f5309763d84f4fb83cf5635635c5fd3e5ea37a1afc031925e','[\"*\"]','2024-07-06 06:00:23',NULL,'2024-07-06 05:37:21','2024-07-06 06:00:23'),(27,'App\\Models\\User',9,'api-token','6d0409527be1ed8315112361f8d7c5d68faa82d40e7515a00e525aa6313af1cb','[\"*\"]','2024-07-06 05:54:25',NULL,'2024-07-06 05:37:22','2024-07-06 05:54:25'),(28,'App\\Models\\User',10,'api-token','87d52c51b5fbf859851cec16475d6b6d484d04400d2649e04ced9fbbed4a0e13','[\"*\"]','2024-07-06 05:55:34',NULL,'2024-07-06 05:37:23','2024-07-06 05:55:34'),(29,'App\\Models\\User',11,'api-token','d6dfb37d79e9c894d95bf987ca47f4bfe18e7318edc4058a9c097b541adbda5c','[\"*\"]','2024-07-06 06:01:34',NULL,'2024-07-06 05:37:29','2024-07-06 06:01:34'),(30,'App\\Models\\User',12,'api-token','f4b0300a29723d16d5dfc1d017b1a87786b64885475017e57e40200187c7ca3d','[\"*\"]','2024-07-06 06:02:14',NULL,'2024-07-06 05:37:30','2024-07-06 06:02:14'),(31,'App\\Models\\User',13,'api-token','ce1e0f0c6339020647909488d7fbb0b62ace8e49ad4d46087560c5f4ed18b587','[\"*\"]','2024-07-06 05:58:40',NULL,'2024-07-06 05:37:31','2024-07-06 05:58:40'),(33,'App\\Models\\User',5,'api-token','c677b2fe58fc3c06af60df27515e71a30b562002a4e2f4da03cb3dd2481fca4b','[\"*\"]','2024-07-06 05:37:41',NULL,'2024-07-06 05:37:40','2024-07-06 05:37:41'),(34,'App\\Models\\User',15,'api-token','7e8238fb3ede3e95a817c6f5f19c18002ec7838ad573baa9d018c832dda98873','[\"*\"]','2024-07-06 05:58:40',NULL,'2024-07-06 05:37:45','2024-07-06 05:58:40'),(35,'App\\Models\\User',16,'api-token','101b505eaf53abd75524e0e1d0234f8a8cf59015f201f2ac90ce39b5dc2e0d04','[\"*\"]','2024-07-06 06:00:04',NULL,'2024-07-06 05:37:48','2024-07-06 06:00:04'),(36,'App\\Models\\User',17,'api-token','b59e7d5c37ade037d693872e1a33eebf190ffa1589a3b31f72ff84501f18907a','[\"*\"]','2024-07-06 05:56:48',NULL,'2024-07-06 05:37:54','2024-07-06 05:56:48'),(37,'App\\Models\\User',18,'api-token','1e710611ba283da897204d2735cbf7c3781bb5effc1aa659cabd049fc06a083b','[\"*\"]','2024-07-06 05:55:46',NULL,'2024-07-06 05:37:59','2024-07-06 05:55:46'),(38,'App\\Models\\User',19,'api-token','c1e2b02e784a8f68737bec0583358ef7a52b239f86d4aa207001c4efc22113cd','[\"*\"]','2024-07-06 06:01:38',NULL,'2024-07-06 05:38:02','2024-07-06 06:01:38'),(39,'App\\Models\\User',20,'api-token','f7220e6dba3c5a737091fbf557835fd262a8d941c4b9fcec2de9e9fc4da891f7','[\"*\"]','2024-07-06 06:01:56',NULL,'2024-07-06 05:38:05','2024-07-06 06:01:56'),(40,'App\\Models\\User',21,'api-token','7f361366c530eeb4e210665d60f03562bde39958a981b3e5dd50e27684b1be4e','[\"*\"]','2024-07-06 05:56:54',NULL,'2024-07-06 05:38:16','2024-07-06 05:56:54'),(42,'App\\Models\\User',23,'api-token','8d82a3450691af4b3f346bc921d9c1ac66813b4dba099700cc13d23343b87f43','[\"*\"]','2024-07-06 05:57:07',NULL,'2024-07-06 05:38:33','2024-07-06 05:57:07'),(43,'App\\Models\\User',24,'api-token','f78ddadd7cab934ff2220630d80e69c29b76c9189f653485ba41ff1aae4f4b36','[\"*\"]','2024-07-06 06:03:52',NULL,'2024-07-06 05:38:52','2024-07-06 06:03:52'),(44,'App\\Models\\User',25,'api-token','367634e993ff8ae52e2cc93b2d5d30033aa12fb9eed0a5aaced86dbe35f6717f','[\"*\"]','2024-07-06 05:57:31',NULL,'2024-07-06 05:38:58','2024-07-06 05:57:31'),(45,'App\\Models\\User',26,'api-token','ea4a33aac72e91a05c3b6cbafd31852f8943faaef596fdb1ecad51c8a41243c7','[\"*\"]','2024-07-06 05:52:51',NULL,'2024-07-06 05:39:24','2024-07-06 05:52:51'),(46,'App\\Models\\User',27,'api-token','226d1fdf5ac22487f1f9dba14f9a3dcca6d8548b20b4671d145d5529da12bc7d','[\"*\"]','2024-07-06 05:51:02',NULL,'2024-07-06 05:39:43','2024-07-06 05:51:02'),(47,'App\\Models\\User',28,'api-token','611d194a701bdb2e50546f3a95efc41fa10634792b5d08a41c6d0069b202bdb6','[\"*\"]','2024-07-06 05:51:02',NULL,'2024-07-06 05:40:05','2024-07-06 05:51:02'),(48,'App\\Models\\User',29,'api-token','cdf2a86803af6e3e288f9ab5b8dbdf82425277b28a5bcf024244e5934b6ecfd4','[\"*\"]','2024-07-06 06:02:39',NULL,'2024-07-06 05:40:28','2024-07-06 06:02:39'),(49,'App\\Models\\User',30,'api-token','9f466f514129321a43ecd7a3d36f81ea768122973fcf3c0419fbd666fa6eba77','[\"*\"]','2024-07-06 05:53:15',NULL,'2024-07-06 05:41:34','2024-07-06 05:53:15'),(50,'App\\Models\\User',31,'api-token','0a947605f04944cbf5c4c5c9f54e6b9e75d081f1c82b240226903baa1539ed4c','[\"*\"]','2024-07-06 06:03:33',NULL,'2024-07-06 05:41:43','2024-07-06 06:03:33'),(51,'App\\Models\\User',32,'api-token','53c00b4ecba94bb3b9a3c0079f23dcc245335a9015e76ae45bc4dc94e41a1b20','[\"*\"]','2024-07-06 05:56:19',NULL,'2024-07-06 05:43:00','2024-07-06 05:56:19'),(52,'App\\Models\\User',33,'api-token','6a2c705868d8ff3e982a1ac003176e8c099bed82b34d38a0f94fa58f17cd2242','[\"*\"]','2024-07-06 05:59:07',NULL,'2024-07-06 05:43:18','2024-07-06 05:59:07'),(53,'App\\Models\\User',34,'api-token','28d6d347955f776b59bcd8d4ea3e8b41cc2716c57e4e70ac610721eb6405ae9a','[\"*\"]','2024-07-06 06:00:27',NULL,'2024-07-06 05:44:14','2024-07-06 06:00:27'),(54,'App\\Models\\User',22,'api-token','c2ead3f7a00990d6d1a5398d994a59295015518c6a9e9f803e503b913af2fe8f','[\"*\"]','2024-07-06 05:54:28',NULL,'2024-07-06 05:44:58','2024-07-06 05:54:28'),(55,'App\\Models\\User',35,'api-token','1831ff7a26357dfd4326a86e7c67f98cdd4e085500b1315ebf3d3fb451256394','[\"*\"]','2024-07-06 06:01:17',NULL,'2024-07-06 05:45:54','2024-07-06 06:01:17'),(56,'App\\Models\\User',36,'api-token','be4f2c3f6052e8eec52d081757952feb3769653f405dec42ec8bc183cac48f5a','[\"*\"]','2024-07-06 06:00:27',NULL,'2024-07-06 05:47:01','2024-07-06 06:00:27'),(57,'App\\Models\\User',37,'api-token','54f0047de4e3ffa12df6bcd22321c117c66030d032cc0ddf1484a06d90f01ec2','[\"*\"]','2024-07-06 06:04:16',NULL,'2024-07-06 05:54:38','2024-07-06 06:04:16'),(58,'App\\Models\\User',14,'api-token','5fa8ec2297a1e85249eb0fe5ab54a2829c78fa25e41b93977d72b35971e8c1cc','[\"*\"]','2024-07-06 06:00:50',NULL,'2024-07-06 05:56:00','2024-07-06 06:00:50');
/*!40000 ALTER TABLE `personal_access_tokens` ENABLE KEYS */;
UNLOCK TABLES;

--
-- Table structure for table `posts`
--

DROP TABLE IF EXISTS `posts`;
/*!40101 SET @saved_cs_client     = @@character_set_client */;
/*!50503 SET character_set_client = utf8mb4 */;
CREATE TABLE `posts` (
  `id` bigint unsigned NOT NULL AUTO_INCREMENT,
  `name` varchar(255) CHARACTER SET utf8mb4 COLLATE utf8mb4_unicode_ci NOT NULL,
  `description` text CHARACTER SET utf8mb4 COLLATE utf8mb4_unicode_ci NOT NULL,
  `is_available` tinyint(1) NOT NULL DEFAULT '1',
  `nb_allowed` int DEFAULT NULL,
  `created_at` timestamp NULL DEFAULT NULL,
  `updated_at` timestamp NULL DEFAULT NULL,
  PRIMARY KEY (`id`)
) ENGINE=InnoDB AUTO_INCREMENT=2 DEFAULT CHARSET=utf8mb4 COLLATE=utf8mb4_unicode_ci;
/*!40101 SET character_set_client = @saved_cs_client */;

--
-- Dumping data for table `posts`
--

LOCK TABLES `posts` WRITE;
/*!40000 ALTER TABLE `posts` DISABLE KEYS */;
INSERT INTO `posts` VALUES (1,'1ère année de Master','Ecole Nationale d\'Informatique',1,NULL,'2024-05-26 17:59:23','2024-05-26 17:59:23');
/*!40000 ALTER TABLE `posts` ENABLE KEYS */;
UNLOCK TABLES;

--
-- Table structure for table `question_subjects`
--

DROP TABLE IF EXISTS `question_subjects`;
/*!40101 SET @saved_cs_client     = @@character_set_client */;
/*!50503 SET character_set_client = utf8mb4 */;
CREATE TABLE `question_subjects` (
  `id` bigint unsigned NOT NULL AUTO_INCREMENT,
  `question_id` bigint unsigned NOT NULL,
  `subject_id` bigint unsigned NOT NULL,
  `created_at` timestamp NULL DEFAULT NULL,
  `updated_at` timestamp NULL DEFAULT NULL,
  PRIMARY KEY (`id`),
  KEY `question_subjects_question_id_foreign` (`question_id`),
  KEY `question_subjects_subject_id_foreign` (`subject_id`),
  CONSTRAINT `question_subjects_question_id_foreign` FOREIGN KEY (`question_id`) REFERENCES `questions` (`id`) ON DELETE CASCADE,
  CONSTRAINT `question_subjects_subject_id_foreign` FOREIGN KEY (`subject_id`) REFERENCES `subjects` (`id`) ON DELETE CASCADE
) ENGINE=InnoDB AUTO_INCREMENT=21 DEFAULT CHARSET=utf8mb4 COLLATE=utf8mb4_unicode_ci;
/*!40101 SET character_set_client = @saved_cs_client */;

--
-- Dumping data for table `question_subjects`
--

LOCK TABLES `question_subjects` WRITE;
/*!40000 ALTER TABLE `question_subjects` DISABLE KEYS */;
INSERT INTO `question_subjects` VALUES (1,1,1,NULL,NULL),(2,2,1,NULL,NULL),(3,3,1,NULL,NULL),(4,4,1,NULL,NULL),(5,5,1,NULL,NULL),(6,6,1,NULL,NULL),(7,7,1,NULL,NULL),(8,8,1,NULL,NULL),(9,9,1,NULL,NULL),(10,10,1,NULL,NULL),(11,11,1,NULL,NULL),(12,12,1,NULL,NULL),(13,13,1,NULL,NULL),(14,14,1,NULL,NULL),(15,15,1,NULL,NULL),(16,16,1,NULL,NULL),(17,17,1,NULL,NULL),(18,18,1,NULL,NULL),(19,19,1,NULL,NULL),(20,20,1,NULL,NULL);
/*!40000 ALTER TABLE `question_subjects` ENABLE KEYS */;
UNLOCK TABLES;

--
-- Table structure for table `questions`
--

DROP TABLE IF EXISTS `questions`;
/*!40101 SET @saved_cs_client     = @@character_set_client */;
/*!50503 SET character_set_client = utf8mb4 */;
CREATE TABLE `questions` (
  `id` bigint unsigned NOT NULL AUTO_INCREMENT,
  `question` text CHARACTER SET utf8mb4 COLLATE utf8mb4_unicode_ci NOT NULL,
  `point` int NOT NULL,
  `created_at` timestamp NULL DEFAULT NULL,
  `updated_at` timestamp NULL DEFAULT NULL,
  PRIMARY KEY (`id`)
) ENGINE=InnoDB AUTO_INCREMENT=21 DEFAULT CHARSET=utf8mb4 COLLATE=utf8mb4_unicode_ci;
/*!40101 SET character_set_client = @saved_cs_client */;

--
-- Dumping data for table `questions`
--

LOCK TABLES `questions` WRITE;
/*!40000 ALTER TABLE `questions` DISABLE KEYS */;
INSERT INTO `questions` VALUES (1,'Choisissez la bonne réponse concernant Android',1,'2024-05-26 17:31:00','2024-05-26 17:31:00'),(2,'Sous quelle licence Android se trouve-t-il ?',1,'2024-05-26 17:31:58','2024-05-26 17:31:58'),(3,'Pour qui Android est-il principalement développé ?',1,'2024-05-26 17:33:16','2024-05-26 17:33:16'),(4,'Lequel des produits suivants est le premier téléphone mobile fonctionnant avec le système d’exploitation Android ?',1,'2024-05-26 17:34:12','2024-05-26 17:34:12'),(5,'Laquelle des machines virtuelles suivantes est utilisée par le système d’exploitation Android ?',1,'2024-05-26 17:35:16','2024-05-26 17:35:16'),(6,'Android est basé sur quel langage ?',1,'2024-05-26 17:36:18','2024-05-26 17:36:45'),(7,'APK signifie _____ ______ ______',1,'2024-05-26 17:37:31','2024-05-26 17:37:31'),(8,'API signifie _____ ______ ______',1,'2024-05-26 17:38:35','2024-05-26 17:38:35'),(9,'Qu’est-ce qu’une activité en Android ?',1,'2024-05-26 17:40:15','2024-05-26 17:40:15'),(10,'Comment peut-on tuer une activité dans Android ?',1,'2024-05-26 17:41:18','2024-05-26 17:41:18'),(11,'Comment arrêter les services dans Android ?',1,'2024-05-26 17:43:45','2024-05-26 17:43:45'),(12,'Lequel des éléments suivants convertit le byte code Java en byte code Dalvik ?',1,'2024-05-26 17:44:28','2024-05-26 17:44:28'),(13,'ADB signifie _____ ______ ______',1,'2024-05-26 17:45:24','2024-05-26 17:45:24'),(14,'Sur lequel des éléments suivants les développeurs peuvent-ils tester l’application, pendant le développement des applications android ?',1,'2024-05-26 17:46:34','2024-05-26 17:46:34'),(15,'Lequel des noyaux suivants est utilisé dans Android ?',1,'2024-05-26 17:47:27','2024-05-26 17:47:27'),(16,'Laquelle des méthodes suivantes est la première méthode callback invoquée par le système au cours du cycle de vie d’une activité ?',1,'2024-05-26 17:48:07','2024-05-26 17:48:07'),(17,'Lequel des éléments suivants n’est pas une méthode callback du cycle de vie d’une activité ?',1,'2024-05-26 17:48:51','2024-05-26 17:48:51'),(18,'Nous avons besoin d’un AVD pour créer un émulateur. Que signifie AVD ?',1,'2024-05-26 17:49:25','2024-05-26 17:49:25'),(19,'Android supporte-t-il d’autres langages que Java ?',1,'2024-05-26 17:50:17','2024-05-26 17:50:17'),(20,'Quelle est l’utilité du fournisseur de contenu(ContentProvider) dans Android?',1,'2024-05-26 17:50:59','2024-05-26 17:50:59');
/*!40000 ALTER TABLE `questions` ENABLE KEYS */;
UNLOCK TABLES;

--
-- Table structure for table `recruiters`
--

DROP TABLE IF EXISTS `recruiters`;
/*!40101 SET @saved_cs_client     = @@character_set_client */;
/*!50503 SET character_set_client = utf8mb4 */;
CREATE TABLE `recruiters` (
  `id` bigint unsigned NOT NULL AUTO_INCREMENT,
  `user_id` bigint unsigned NOT NULL,
  `department_id` bigint unsigned NOT NULL,
  `job_title` varchar(255) CHARACTER SET utf8mb4 COLLATE utf8mb4_unicode_ci NOT NULL,
  `created_at` timestamp NULL DEFAULT NULL,
  `updated_at` timestamp NULL DEFAULT NULL,
  PRIMARY KEY (`id`),
  KEY `recruiters_user_id_foreign` (`user_id`),
  KEY `recruiters_department_id_foreign` (`department_id`),
  CONSTRAINT `recruiters_department_id_foreign` FOREIGN KEY (`department_id`) REFERENCES `departments` (`id`) ON DELETE CASCADE,
  CONSTRAINT `recruiters_user_id_foreign` FOREIGN KEY (`user_id`) REFERENCES `users` (`id`) ON DELETE CASCADE
) ENGINE=InnoDB DEFAULT CHARSET=utf8mb4 COLLATE=utf8mb4_unicode_ci;
/*!40101 SET character_set_client = @saved_cs_client */;

--
-- Dumping data for table `recruiters`
--

LOCK TABLES `recruiters` WRITE;
/*!40000 ALTER TABLE `recruiters` DISABLE KEYS */;
/*!40000 ALTER TABLE `recruiters` ENABLE KEYS */;
UNLOCK TABLES;

--
-- Table structure for table `subjects`
--

DROP TABLE IF EXISTS `subjects`;
/*!40101 SET @saved_cs_client     = @@character_set_client */;
/*!50503 SET character_set_client = utf8mb4 */;
CREATE TABLE `subjects` (
  `id` bigint unsigned NOT NULL AUTO_INCREMENT,
  `subject` varchar(255) CHARACTER SET utf8mb4 COLLATE utf8mb4_unicode_ci NOT NULL,
  `created_at` timestamp NULL DEFAULT NULL,
  `updated_at` timestamp NULL DEFAULT NULL,
  PRIMARY KEY (`id`)
) ENGINE=InnoDB AUTO_INCREMENT=2 DEFAULT CHARSET=utf8mb4 COLLATE=utf8mb4_unicode_ci;
/*!40101 SET character_set_client = @saved_cs_client */;

--
-- Dumping data for table `subjects`
--

LOCK TABLES `subjects` WRITE;
/*!40000 ALTER TABLE `subjects` DISABLE KEYS */;
INSERT INTO `subjects` VALUES (1,'QCM Android 1','2024-05-26 17:52:54','2024-05-26 17:52:54');
/*!40000 ALTER TABLE `subjects` ENABLE KEYS */;
UNLOCK TABLES;

--
-- Table structure for table `users`
--

DROP TABLE IF EXISTS `users`;
/*!40101 SET @saved_cs_client     = @@character_set_client */;
/*!50503 SET character_set_client = utf8mb4 */;
CREATE TABLE `users` (
  `id` bigint unsigned NOT NULL AUTO_INCREMENT,
  `name` varchar(255) CHARACTER SET utf8mb4 COLLATE utf8mb4_unicode_ci NOT NULL,
  `email` varchar(255) CHARACTER SET utf8mb4 COLLATE utf8mb4_unicode_ci NOT NULL,
  `email_verified_at` timestamp NULL DEFAULT NULL,
  `password` varchar(255) CHARACTER SET utf8mb4 COLLATE utf8mb4_unicode_ci NOT NULL,
  `remember_token` varchar(100) CHARACTER SET utf8mb4 COLLATE utf8mb4_unicode_ci DEFAULT NULL,
  `created_at` timestamp NULL DEFAULT NULL,
  `updated_at` timestamp NULL DEFAULT NULL,
  `role` enum('admin','recruiter','candidate') CHARACTER SET utf8mb4 COLLATE utf8mb4_unicode_ci NOT NULL DEFAULT 'candidate',
  `first_name` varchar(255) CHARACTER SET utf8mb4 COLLATE utf8mb4_unicode_ci DEFAULT NULL,
  `last_name` varchar(255) CHARACTER SET utf8mb4 COLLATE utf8mb4_unicode_ci DEFAULT NULL,
  `phone` varchar(255) CHARACTER SET utf8mb4 COLLATE utf8mb4_unicode_ci DEFAULT NULL,
  `image` varchar(255) CHARACTER SET utf8mb4 COLLATE utf8mb4_unicode_ci DEFAULT NULL,
  `address` varchar(255) CHARACTER SET utf8mb4 COLLATE utf8mb4_unicode_ci DEFAULT NULL,
  PRIMARY KEY (`id`),
  UNIQUE KEY `users_email_unique` (`email`)
) ENGINE=InnoDB AUTO_INCREMENT=38 DEFAULT CHARSET=utf8mb4 COLLATE=utf8mb4_unicode_ci;
/*!40101 SET character_set_client = @saved_cs_client */;

--
-- Dumping data for table `users`
--

LOCK TABLES `users` WRITE;
/*!40000 ALTER TABLE `users` DISABLE KEYS */;
INSERT INTO `users` VALUES (2,'John Doe','admin@gmail.com',NULL,'$2y$12$Aeo4LNJM2OTwdlj6cdSyM.BGuIxVhepQorZDQTGfao58Sc1kNBc.e','7lkrYa8F6ZO1RHNa9o3CEzcXK7PA0xptxCmXOwc9ciDj6sI8L6BnXkx62zUc','2024-05-26 16:42:23','2024-05-26 16:42:23','admin',NULL,NULL,NULL,NULL,NULL),(5,'RAJOELISON Aina Tiavina','rjls.tiavina@gmail.com',NULL,'$2y$12$ixU81p5vg4BEU.p/D7aMeevUOHFYhRHVgPXnfFQ1LSaz0BsXidAJm',NULL,'2024-05-26 18:11:55','2024-05-26 18:11:55','candidate',NULL,NULL,NULL,NULL,NULL),(6,'Mi Rak','mialyr4k@gmail.com',NULL,'$2y$12$wu5AS2A2ZXleHghBxueaku1tsv7.Rdbwcsw64PRYOmHU6PMSExvgC',NULL,'2024-05-31 03:14:21','2024-05-31 03:14:21','candidate',NULL,NULL,NULL,NULL,NULL),(7,'Test','test@gmail.com',NULL,'$2y$12$64QgJb5.l6iv1bjkqDT5dOeccQ.3vsZfIwM.Lh34mq42U7OD/kaKW',NULL,'2024-05-31 03:35:21','2024-05-31 03:35:21','candidate',NULL,NULL,NULL,NULL,NULL),(8,'ANJORIA Tiphanie Koné','anjoriatiphanie@gmail.com',NULL,'$2y$12$YSbJ/YLP9KryO.obOo8T4uxZfpT19sCbOf2wOvvECG5X98ueq2J3C',NULL,'2024-07-06 05:37:21','2024-07-06 05:37:21','candidate',NULL,NULL,NULL,NULL,NULL),(9,'RAMANANA Mariot Duhamel','ramananamariotduhamel@gmail.com',NULL,'$2y$12$lt3VmOs5e9olgiw6yYgAHOjxnEwi6BWo5kyIcIG1Q9Ng/vtDAjAUi',NULL,'2024-07-06 05:37:22','2024-07-06 05:37:22','candidate',NULL,NULL,NULL,NULL,NULL),(10,'ANDRIANANTENAINA Angelo','a.angelo.mada@gmail.com',NULL,'$2y$12$34AcQN48K60SOW8CTqG8l.0Mok6Gz7oSbzXAwpGI.iXbIZcIj/roK',NULL,'2024-07-06 05:37:23','2024-07-06 05:37:23','candidate',NULL,NULL,NULL,NULL,NULL),(11,'SOJANDRIMALALA Fenoarisoa Marcella','fenoarisoamarcella@gmail.com',NULL,'$2y$12$24TrwNakpGNWJc459xPeouBGUWKhocNugZeKTRgTek6BvSYTaUdsu',NULL,'2024-07-06 05:37:29','2024-07-06 05:37:29','candidate',NULL,NULL,NULL,NULL,NULL),(12,'RAZAFINDRALAMBO Manda Sarobidy','mandasarobidy8@gmail.com',NULL,'$2y$12$G6PKdKLVWyWzG9gGLG0YAOaMTDJQn.lmwWIVo4hEF88GR7r.V9qDG',NULL,'2024-07-06 05:37:30','2024-07-06 05:37:30','candidate',NULL,NULL,NULL,NULL,NULL),(13,'MANALINARIVO Fanasinjaka','fanasinjaka18@gmail.com',NULL,'$2y$12$uq0Wd3whTJdIHe8Ftm3BGOS67/OOHlY88Wqrjfjeawxi/YLsh44Ee',NULL,'2024-07-06 05:37:31','2024-07-06 05:37:31','candidate',NULL,NULL,NULL,NULL,NULL),(14,'RAFAHATELO Manantahiry Vahatriniaina','rafahatelomanantahiry2@gmail.com',NULL,'$2y$12$/O26DOz5e1ASc7J8GIG8HuZiUDsN5ZrCopYK8NMatzEshv8r62GpS',NULL,'2024-07-06 05:37:39','2024-07-06 05:37:39','candidate',NULL,NULL,NULL,NULL,NULL),(15,'RAVAONIRINARaïssaClaudine','raissarvnirina@gmail.com',NULL,'$2y$12$5HH7faingYMYTUSnQb6kYejxQiJSZjDC2aeqC9Y2vtIdnym0T9FuO',NULL,'2024-07-06 05:37:45','2024-07-06 05:37:45','candidate',NULL,NULL,NULL,NULL,NULL),(16,'MADANIRINA Sandra','sandy.madanirina@gmail.com',NULL,'$2y$12$GvBuPD5dEWxJvmRmceN2deNYV0j1grVpSpuL4WIisWb25vyvtzE0O',NULL,'2024-07-06 05:37:48','2024-07-06 05:37:48','candidate',NULL,NULL,NULL,NULL,NULL),(17,'RAVOAVY Rismu','rravoavy@gmail.com',NULL,'$2y$12$zG8e4qiFjOi0VhN9Jq3ase7p8M8B.sxl1H5WdNazqKRU8WlwVFPeW',NULL,'2024-07-06 05:37:54','2024-07-06 05:37:54','candidate',NULL,NULL,NULL,NULL,NULL),(18,'ANDRIAMALALARovaKarlJean Martinot','karlmartinot@gmail.com',NULL,'$2y$12$sZL38FLE.DaFF3AWDYJsxOdLiuFKkPv9Vh5BMUFpDu/2iktfgACii',NULL,'2024-07-06 05:37:59','2024-07-06 05:37:59','candidate',NULL,NULL,NULL,NULL,NULL),(19,'ANDRIAMIHARISOA','radonirinaa11@gmail.com',NULL,'$2y$12$tJ7d9g3ztTAAVrMFp0J7QeNWUNWKRnLqnxM798hRhJR9pDDj2q3ja',NULL,'2024-07-06 05:38:02','2024-07-06 05:38:02','candidate',NULL,NULL,NULL,NULL,NULL),(20,'RAJAONARISON Jean Germain','estonagermain.j@gmail.com',NULL,'$2y$12$Iqse3cT7zWv1HKbEENvxVOXIPoFYHdWHl5lm7OPC8fyHLL9GI2Zdq',NULL,'2024-07-06 05:38:05','2024-07-06 05:38:05','candidate',NULL,NULL,NULL,NULL,NULL),(21,'TOKINIAINA Joseph Edi','ainatoki431@gmail.com',NULL,'$2y$12$M/Xu5tzQRsawfyuyyNpiOuosI6vgfjb4WK8YCL3nxsTp8qWSYBMnq',NULL,'2024-07-06 05:38:16','2024-07-06 05:38:16','candidate',NULL,NULL,NULL,NULL,NULL),(22,'ANDRIATSILANIZO Manjakanavaly Odilon Douglas','douglas@gmail.com',NULL,'$2y$12$ltkmUXJGf4.t2EYwg3yMLeWz8oW5aZwKj9TdKeMm/JS4w8N05Zcoa',NULL,'2024-07-06 05:38:18','2024-07-06 05:38:18','candidate',NULL,NULL,NULL,NULL,NULL),(23,'Rafalimanana Jean Sebastien','sebastienrafalimanana@gmail.com',NULL,'$2y$12$/iqoErGubRdEeGqp5gd1EOHOfm1d3.fVRkXX/A.Am3Nj7ujBj0C.O',NULL,'2024-07-06 05:38:33','2024-07-06 05:38:33','candidate',NULL,NULL,NULL,NULL,NULL),(24,'RAHERINTENAINA Wenceslas Ricky','wenceslasricky@gmail.com',NULL,'$2y$12$ZGCID/zy4Tc8RFrqocCy0O0GygIVtHk1NqrgG1u33oZlfgNukaune',NULL,'2024-07-06 05:38:52','2024-07-06 05:38:52','candidate',NULL,NULL,NULL,NULL,NULL),(25,'RANDRIANASOLO Aetius Elysée','randrianasolotoutous@gmail.com',NULL,'$2y$12$cC3iqaaVLT2.S5M55/zvGuuMTB33PUF8UUEZTe8t4HKmfMmT/UgRm',NULL,'2024-07-06 05:38:58','2024-07-06 05:38:58','candidate',NULL,NULL,NULL,NULL,NULL),(26,'MIHARIFIATOA Tirindrafale','miharifiatoa@gmail.com',NULL,'$2y$12$UcG.BxpQNnyhBECd09.5GeambyLbSWaHPwBpmIm5NgceLLP3xgiby',NULL,'2024-07-06 05:39:24','2024-07-06 05:39:24','candidate',NULL,NULL,NULL,NULL,NULL),(27,'RANDRIANATOANDRO i Ilo Mahomby','iloorandrianatoandro@gmail.com',NULL,'$2y$12$Y/cQM3kG3..Qh3B1qiLza.zKALOtDvPIcOyNVmtcrQq3yLnI3HP4y',NULL,'2024-07-06 05:39:43','2024-07-06 05:39:43','candidate',NULL,NULL,NULL,NULL,NULL),(28,'MAHARETANIFARANY Santatraniaina Candy Pascaline','santatracandy@gmail.com',NULL,'$2y$12$ed3tMTP4Eaa6dq/KjMIETOeXoRzjdSPk1gkdgbld0Az.BK956i0ku',NULL,'2024-07-06 05:40:05','2024-07-06 05:40:05','candidate',NULL,NULL,NULL,NULL,NULL),(29,'RATALATA RALAIVAO Sojavola Aime','sojavolar.2002@gmail.com',NULL,'$2y$12$X9SAslIc.imO5ftm04sfiOauLz0bdyP.ip4E6wsk.OuTdlR9psmMK',NULL,'2024-07-06 05:40:28','2024-07-06 05:40:28','candidate',NULL,NULL,NULL,NULL,NULL),(30,'RAMAMIHARIVELO','rmnarry.mr@gmail.com',NULL,'$2y$12$L1w3QVynNgqoMuGP4m11Tew9b.UXmmRHQX0lHHBDYGXX8n/FC49iu',NULL,'2024-07-06 05:41:34','2024-07-06 05:41:34','candidate',NULL,NULL,NULL,NULL,NULL),(31,'ANDRITSIVERISITRAKA Sarobidy Joro Benja','sarobidy.andritsiverisitraka@gmail.com',NULL,'$2y$12$9IW.ekMz1WLOebyKnEk55./nC25eeo9rPtiNDM/VekQ5S4D.YMb6q',NULL,'2024-07-06 05:41:43','2024-07-06 05:41:43','candidate',NULL,NULL,NULL,NULL,NULL),(32,'RAZAFINDRATSITO Mittérand Gatien','razafindratsito.mitterand@gmail.com',NULL,'$2y$12$Ct0at2YMwbXw5iAS3xq.T.fSMYlgV2JemaOqsDm8BxXVI3U5vk6Cm',NULL,'2024-07-06 05:43:00','2024-07-06 05:43:00','candidate',NULL,NULL,NULL,NULL,NULL),(33,'ROJOTINA Tahinjanahary Norosoa Jean Fidèle','rojo075tah@gmail.com',NULL,'$2y$12$JaKG1wSA4OOUv9Ju8TewfeSxfTprDR5LA2P50FwETcHQwrVn39e5K',NULL,'2024-07-06 05:43:18','2024-07-06 05:43:18','candidate',NULL,NULL,NULL,NULL,NULL),(34,'SOLONIRINA Andry Sitraka','sitrakasnrs@gmail.com',NULL,'$2y$12$9ICjbXbCKypA1rufkoGc7.9sjmzcK8jRyV3g/oM1vVFah60q1FPWS',NULL,'2024-07-06 05:44:14','2024-07-06 05:44:14','candidate',NULL,NULL,NULL,NULL,NULL),(35,'niriantsoa andrandraina naval','navalandrandraina@gmail.com',NULL,'$2y$12$N9N4UGI4pdhSFxU86F1vKuSqFLVE4LLlJUz1u.l35YQtFq3KgKGOG',NULL,'2024-07-06 05:45:54','2024-07-06 05:45:54','candidate',NULL,NULL,NULL,NULL,NULL),(36,'RANDRIANANTENAINA Jean Pascal','randrianantenaina1233@gmail.com',NULL,'$2y$12$BUBHwPGUGj2OxtF1vlFWtO0hrIkSPCb5Re4lkMTLnE9VKCiUhaJNK',NULL,'2024-07-06 05:47:01','2024-07-06 05:47:01','candidate',NULL,NULL,NULL,NULL,NULL),(37,'RAZANAKOTO BARY Tianasoa Kantoniaina Sandrica','kantoniaina395@gmail.com',NULL,'$2y$12$GuXN71PmE0iweqa3DBNyneL81IUoftbbrj43SPiIisTkkeF9TsE7.',NULL,'2024-07-06 05:54:38','2024-07-06 05:54:38','candidate',NULL,NULL,NULL,NULL,NULL);
/*!40000 ALTER TABLE `users` ENABLE KEYS */;
UNLOCK TABLES;
/*!40103 SET TIME_ZONE=@OLD_TIME_ZONE */;

/*!40101 SET SQL_MODE=@OLD_SQL_MODE */;
/*!40014 SET FOREIGN_KEY_CHECKS=@OLD_FOREIGN_KEY_CHECKS */;
/*!40014 SET UNIQUE_CHECKS=@OLD_UNIQUE_CHECKS */;
/*!40101 SET CHARACTER_SET_CLIENT=@OLD_CHARACTER_SET_CLIENT */;
/*!40101 SET CHARACTER_SET_RESULTS=@OLD_CHARACTER_SET_RESULTS */;
/*!40101 SET COLLATION_CONNECTION=@OLD_COLLATION_CONNECTION */;
/*!40111 SET SQL_NOTES=@OLD_SQL_NOTES */;

-- Dump completed on 2024-07-06 12:06:21
